2026-04-23 10:58:27,728 - INFO - System Architect Bot V3 Initialized...
2026-04-23 10:58:27,728 - INFO - System Architect Bot V3 Initialized...
2026-04-23 10:58:27,729 - CRITICAL - 🎯 SENSEX EXPIRY DETECTED (2026-04-23). Loading Sensex Relay.
2026-04-23 10:58:27,729 - CRITICAL - 🎯 SENSEX EXPIRY DETECTED (2026-04-23). Loading Sensex Relay.
2026-04-23 10:58:27,730 - CRITICAL - 🔄 ORPHANED TRADE DETECTED ON BOOT! Instantly recovering SENSEX session...
2026-04-23 10:58:27,730 - CRITICAL - 🔄 ORPHANED TRADE DETECTED ON BOOT! Instantly recovering SENSEX session...
2026-04-23 10:58:27,730 - INFO - --- STARTING CONTINUOUS SESSION FOR SENSEX ---
2026-04-23 10:58:27,730 - INFO - --- STARTING CONTINUOUS SESSION FOR SENSEX ---
2026-04-23 10:58:27,730 - CRITICAL - 🌙 BTST CARRY FORWARD DETECTED: Waking up existing SENSEX trade.
2026-04-23 10:58:27,730 - CRITICAL - 🌙 BTST CARRY FORWARD DETECTED: Waking up existing SENSEX trade.
2026-04-23 10:58:27,730 - INFO - Initializing SDK WebSocket connection for live risk management...
2026-04-23 10:58:27,730 - INFO - Initializing SDK WebSocket connection for live risk management...
2026-04-23 10:58:27,735 - INFO - WebSocket Connected! Streaming live market data...
2026-04-23 10:58:27,735 - INFO - WebSocket Connected! Streaming live market data...
2026-04-23 10:58:29,003 - INFO - Websocket connected
2026-04-23 10:58:29,003 - INFO - Websocket connected
2026-04-23 11:34:52,141 - INFO - System Architect Bot V3 Initialized...
2026-04-23 11:34:52,141 - INFO - System Architect Bot V3 Initialized...
2026-04-23 11:34:52,142 - CRITICAL - 🎯 SENSEX EXPIRY DETECTED (2026-04-23). Loading Sensex Relay.
2026-04-23 11:34:52,142 - CRITICAL - 🎯 SENSEX EXPIRY DETECTED (2026-04-23). Loading Sensex Relay.
2026-04-23 11:34:52,143 - CRITICAL - 🔄 ORPHANED TRADE DETECTED ON BOOT! Instantly recovering SENSEX session...
2026-04-23 11:34:52,143 - CRITICAL - 🔄 ORPHANED TRADE DETECTED ON BOOT! Instantly recovering SENSEX session...
2026-04-23 11:34:52,143 - INFO - --- STARTING CONTINUOUS SESSION FOR SENSEX ---
2026-04-23 11:34:52,143 - INFO - --- STARTING CONTINUOUS SESSION FOR SENSEX ---
2026-04-23 11:34:52,143 - CRITICAL - 🌙 BTST CARRY FORWARD DETECTED: Waking up existing SENSEX trade.
2026-04-23 11:34:52,143 - CRITICAL - 🌙 BTST CARRY FORWARD DETECTED: Waking up existing SENSEX trade.
2026-04-23 11:34:52,143 - INFO - Initializing SDK WebSocket connection for live risk management...
2026-04-23 11:34:52,143 - INFO - Initializing SDK WebSocket connection for live risk management...
2026-04-23 11:34:52,146 - INFO - WebSocket Connected! Streaming live market data...
2026-04-23 11:34:52,146 - INFO - WebSocket Connected! Streaming live market data...
2026-04-23 11:34:53,428 - INFO - Websocket connected
2026-04-23 11:34:53,428 - INFO - Websocket connected
2026-04-23 11:34:53,583 - CRITICAL - ⚖️ SKEW STOP HIT: Market trended hard! Ratio is 5.00x. Squaring off to prevent runaway delta bleed.
2026-04-23 11:34:53,583 - CRITICAL - ⚖️ SKEW STOP HIT: Market trended hard! Ratio is 5.00x. Squaring off to prevent runaway delta bleed.
2026-04-23 11:34:53,583 - CRITICAL - Exit Signal Received: STOP_LOSS. Terminating WebSocket.
2026-04-23 11:34:53,583 - CRITICAL - Exit Signal Received: STOP_LOSS. Terminating WebSocket.
2026-04-23 11:34:54,149 - WARNING - 🚨 Stop Loss hit on SENSEX Carry Forward trade! Squaring off...
2026-04-23 11:34:54,149 - WARNING - 🚨 Stop Loss hit on SENSEX Carry Forward trade! Squaring off...
2026-04-23 11:34:54,149 - CRITICAL - TRIGGERING SQUARE OFF SEQUENCE!
2026-04-23 11:34:54,149 - CRITICAL - TRIGGERING SQUARE OFF SEQUENCE!
2026-04-23 11:34:54,150 - INFO - 💰 Simulated PnL for this trade: ₹-6493.00
2026-04-23 11:34:54,150 - INFO - 💰 Simulated PnL for this trade: ₹-6493.00
2026-04-23 11:35:05,206 - INFO - 🧹 Auto-cleared BTST flag from UI so the fresh trade doesn't carry forward blindly.
2026-04-23 11:35:05,206 - INFO - 🧹 Auto-cleared BTST flag from UI so the fresh trade doesn't carry forward blindly.
2026-04-23 11:35:05,207 - INFO - Deploying fresh Iron Butterfly for SENSEX...
2026-04-23 11:35:05,207 - INFO - Deploying fresh Iron Butterfly for SENSEX...
2026-04-23 11:35:05,207 - INFO - Fetching live spot price for SENSEX...
2026-04-23 11:35:05,207 - INFO - Fetching live spot price for SENSEX...
2026-04-23 11:35:05,435 - INFO - Live Spot Price for SENSEX is: 77783.75
2026-04-23 11:35:05,435 - INFO - Live Spot Price for SENSEX is: 77783.75
2026-04-23 11:35:05,437 - INFO - Fetching option chain for SENSEX expiring on RECOVERY...
2026-04-23 11:35:05,437 - INFO - Fetching option chain for SENSEX expiring on RECOVERY...
2026-04-23 11:35:05,657 - ERROR - Upstox API Error fetching option chain: 400 Client Error: Bad Request for url: https://api.upstox.com/v2/option/chain?instrument_key=BSE_INDEX%7CSENSEX&expiry_date=RECOVERY
2026-04-23 11:35:05,657 - ERROR - Upstox API Error fetching option chain: 400 Client Error: Bad Request for url: https://api.upstox.com/v2/option/chain?instrument_key=BSE_INDEX%7CSENSEX&expiry_date=RECOVERY
2026-04-23 11:35:05,659 - WARNING - ⚠️ API Rejection: Spot found=True, Chain found=False. Check Upstox Token or Expiry Date (RECOVERY). Retrying in 30s...
2026-04-23 11:35:05,659 - WARNING - ⚠️ API Rejection: Spot found=True, Chain found=False. Check Upstox Token or Expiry Date (RECOVERY). Retrying in 30s...
2026-04-23 11:35:35,689 - INFO - Deploying fresh Iron Butterfly for SENSEX...
2026-04-23 11:35:35,689 - INFO - Deploying fresh Iron Butterfly for SENSEX...
2026-04-23 11:35:35,689 - INFO - Fetching live spot price for SENSEX...
2026-04-23 11:35:35,689 - INFO - Fetching live spot price for SENSEX...
2026-04-23 11:35:36,206 - INFO - Live Spot Price for SENSEX is: 77756.79
2026-04-23 11:35:36,206 - INFO - Live Spot Price for SENSEX is: 77756.79
2026-04-23 11:35:36,207 - INFO - Fetching option chain for SENSEX expiring on RECOVERY...
2026-04-23 11:35:36,207 - INFO - Fetching option chain for SENSEX expiring on RECOVERY...
2026-04-23 11:35:36,410 - ERROR - Upstox API Error fetching option chain: 400 Client Error: Bad Request for url: https://api.upstox.com/v2/option/chain?instrument_key=BSE_INDEX%7CSENSEX&expiry_date=RECOVERY
2026-04-23 11:35:36,410 - ERROR - Upstox API Error fetching option chain: 400 Client Error: Bad Request for url: https://api.upstox.com/v2/option/chain?instrument_key=BSE_INDEX%7CSENSEX&expiry_date=RECOVERY
2026-04-23 11:35:36,411 - WARNING - ⚠️ API Rejection: Spot found=True, Chain found=False. Check Upstox Token or Expiry Date (RECOVERY). Retrying in 30s...
2026-04-23 11:35:36,411 - WARNING - ⚠️ API Rejection: Spot found=True, Chain found=False. Check Upstox Token or Expiry Date (RECOVERY). Retrying in 30s...
2026-04-23 11:36:06,441 - INFO - Deploying fresh Iron Butterfly for SENSEX...
2026-04-23 11:36:06,441 - INFO - Deploying fresh Iron Butterfly for SENSEX...
2026-04-23 11:36:06,442 - INFO - Fetching live spot price for SENSEX...
2026-04-23 11:36:06,442 - INFO - Fetching live spot price for SENSEX...
2026-04-23 11:36:06,633 - INFO - Live Spot Price for SENSEX is: 77753.25
2026-04-23 11:36:06,633 - INFO - Live Spot Price for SENSEX is: 77753.25
2026-04-23 11:36:06,634 - INFO - Fetching option chain for SENSEX expiring on RECOVERY...
2026-04-23 11:36:06,634 - INFO - Fetching option chain for SENSEX expiring on RECOVERY...
2026-04-23 11:36:06,833 - ERROR - Upstox API Error fetching option chain: 400 Client Error: Bad Request for url: https://api.upstox.com/v2/option/chain?instrument_key=BSE_INDEX%7CSENSEX&expiry_date=RECOVERY
2026-04-23 11:36:06,833 - ERROR - Upstox API Error fetching option chain: 400 Client Error: Bad Request for url: https://api.upstox.com/v2/option/chain?instrument_key=BSE_INDEX%7CSENSEX&expiry_date=RECOVERY
2026-04-23 11:36:06,834 - WARNING - ⚠️ API Rejection: Spot found=True, Chain found=False. Check Upstox Token or Expiry Date (RECOVERY). Retrying in 30s...
2026-04-23 11:36:06,834 - WARNING - ⚠️ API Rejection: Spot found=True, Chain found=False. Check Upstox Token or Expiry Date (RECOVERY). Retrying in 30s...
2026-04-23 11:36:36,865 - INFO - Deploying fresh Iron Butterfly for SENSEX...
2026-04-23 11:36:36,865 - INFO - Deploying fresh Iron Butterfly for SENSEX...
2026-04-23 11:36:36,865 - INFO - Fetching live spot price for SENSEX...
2026-04-23 11:36:36,865 - INFO - Fetching live spot price for SENSEX...
2026-04-23 11:36:37,063 - INFO - Live Spot Price for SENSEX is: 77805.29
2026-04-23 11:36:37,063 - INFO - Live Spot Price for SENSEX is: 77805.29
2026-04-23 11:36:37,064 - INFO - Fetching option chain for SENSEX expiring on RECOVERY...
2026-04-23 11:36:37,064 - INFO - Fetching option chain for SENSEX expiring on RECOVERY...
2026-04-23 11:36:37,265 - ERROR - Upstox API Error fetching option chain: 400 Client Error: Bad Request for url: https://api.upstox.com/v2/option/chain?instrument_key=BSE_INDEX%7CSENSEX&expiry_date=RECOVERY
2026-04-23 11:36:37,265 - ERROR - Upstox API Error fetching option chain: 400 Client Error: Bad Request for url: https://api.upstox.com/v2/option/chain?instrument_key=BSE_INDEX%7CSENSEX&expiry_date=RECOVERY
2026-04-23 11:36:37,267 - WARNING - ⚠️ API Rejection: Spot found=True, Chain found=False. Check Upstox Token or Expiry Date (RECOVERY). Retrying in 30s...
2026-04-23 11:36:37,267 - WARNING - ⚠️ API Rejection: Spot found=True, Chain found=False. Check Upstox Token or Expiry Date (RECOVERY). Retrying in 30s...
2026-04-23 11:37:07,269 - INFO - Deploying fresh Iron Butterfly for SENSEX...
2026-04-23 11:37:07,269 - INFO - Deploying fresh Iron Butterfly for SENSEX...
2026-04-23 11:37:07,269 - INFO - Fetching live spot price for SENSEX...
2026-04-23 11:37:07,269 - INFO - Fetching live spot price for SENSEX...
2026-04-23 11:37:07,492 - INFO - Live Spot Price for SENSEX is: 77744.94
2026-04-23 11:37:07,492 - INFO - Live Spot Price for SENSEX is: 77744.94
2026-04-23 11:37:07,493 - INFO - Fetching option chain for SENSEX expiring on RECOVERY...
2026-04-23 11:37:07,493 - INFO - Fetching option chain for SENSEX expiring on RECOVERY...
2026-04-23 11:37:07,716 - ERROR - Upstox API Error fetching option chain: 400 Client Error: Bad Request for url: https://api.upstox.com/v2/option/chain?instrument_key=BSE_INDEX%7CSENSEX&expiry_date=RECOVERY
2026-04-23 11:37:07,716 - ERROR - Upstox API Error fetching option chain: 400 Client Error: Bad Request for url: https://api.upstox.com/v2/option/chain?instrument_key=BSE_INDEX%7CSENSEX&expiry_date=RECOVERY
2026-04-23 11:37:07,718 - WARNING - ⚠️ API Rejection: Spot found=True, Chain found=False. Check Upstox Token or Expiry Date (RECOVERY). Retrying in 30s...
2026-04-23 11:37:07,718 - WARNING - ⚠️ API Rejection: Spot found=True, Chain found=False. Check Upstox Token or Expiry Date (RECOVERY). Retrying in 30s...
2026-04-23 11:37:37,739 - INFO - Deploying fresh Iron Butterfly for SENSEX...
2026-04-23 11:37:37,739 - INFO - Deploying fresh Iron Butterfly for SENSEX...
2026-04-23 11:37:37,739 - INFO - Fetching live spot price for SENSEX...
2026-04-23 11:37:37,739 - INFO - Fetching live spot price for SENSEX...
2026-04-23 11:37:37,940 - INFO - Live Spot Price for SENSEX is: 77743.7
2026-04-23 11:37:37,940 - INFO - Live Spot Price for SENSEX is: 77743.7
2026-04-23 11:37:37,941 - INFO - Fetching option chain for SENSEX expiring on RECOVERY...
2026-04-23 11:37:37,941 - INFO - Fetching option chain for SENSEX expiring on RECOVERY...
2026-04-23 11:37:38,154 - ERROR - Upstox API Error fetching option chain: 400 Client Error: Bad Request for url: https://api.upstox.com/v2/option/chain?instrument_key=BSE_INDEX%7CSENSEX&expiry_date=RECOVERY
2026-04-23 11:37:38,154 - ERROR - Upstox API Error fetching option chain: 400 Client Error: Bad Request for url: https://api.upstox.com/v2/option/chain?instrument_key=BSE_INDEX%7CSENSEX&expiry_date=RECOVERY
2026-04-23 11:37:38,156 - WARNING - ⚠️ API Rejection: Spot found=True, Chain found=False. Check Upstox Token or Expiry Date (RECOVERY). Retrying in 30s...
2026-04-23 11:37:38,156 - WARNING - ⚠️ API Rejection: Spot found=True, Chain found=False. Check Upstox Token or Expiry Date (RECOVERY). Retrying in 30s...
2026-04-23 11:38:08,183 - INFO - Deploying fresh Iron Butterfly for SENSEX...
2026-04-23 11:38:08,183 - INFO - Deploying fresh Iron Butterfly for SENSEX...
2026-04-23 11:38:08,184 - INFO - Fetching live spot price for SENSEX...
2026-04-23 11:38:08,184 - INFO - Fetching live spot price for SENSEX...
2026-04-23 11:38:08,397 - INFO - Live Spot Price for SENSEX is: 77780.72
2026-04-23 11:38:08,397 - INFO - Live Spot Price for SENSEX is: 77780.72
2026-04-23 11:38:08,398 - INFO - Fetching option chain for SENSEX expiring on RECOVERY...
2026-04-23 11:38:08,398 - INFO - Fetching option chain for SENSEX expiring on RECOVERY...
2026-04-23 11:38:08,594 - ERROR - Upstox API Error fetching option chain: 400 Client Error: Bad Request for url: https://api.upstox.com/v2/option/chain?instrument_key=BSE_INDEX%7CSENSEX&expiry_date=RECOVERY
2026-04-23 11:38:08,594 - ERROR - Upstox API Error fetching option chain: 400 Client Error: Bad Request for url: https://api.upstox.com/v2/option/chain?instrument_key=BSE_INDEX%7CSENSEX&expiry_date=RECOVERY
2026-04-23 11:38:08,596 - WARNING - ⚠️ API Rejection: Spot found=True, Chain found=False. Check Upstox Token or Expiry Date (RECOVERY). Retrying in 30s...
2026-04-23 11:38:08,596 - WARNING - ⚠️ API Rejection: Spot found=True, Chain found=False. Check Upstox Token or Expiry Date (RECOVERY). Retrying in 30s...
2026-04-23 11:38:38,619 - INFO - Deploying fresh Iron Butterfly for SENSEX...
2026-04-23 11:38:38,619 - INFO - Deploying fresh Iron Butterfly for SENSEX...
2026-04-23 11:38:38,619 - INFO - Fetching live spot price for SENSEX...
2026-04-23 11:38:38,619 - INFO - Fetching live spot price for SENSEX...
2026-04-23 11:38:38,815 - INFO - Live Spot Price for SENSEX is: 77783.63
2026-04-23 11:38:38,815 - INFO - Live Spot Price for SENSEX is: 77783.63
2026-04-23 11:38:38,816 - INFO - Fetching option chain for SENSEX expiring on RECOVERY...
2026-04-23 11:38:38,816 - INFO - Fetching option chain for SENSEX expiring on RECOVERY...
2026-04-23 11:38:39,018 - ERROR - Upstox API Error fetching option chain: 400 Client Error: Bad Request for url: https://api.upstox.com/v2/option/chain?instrument_key=BSE_INDEX%7CSENSEX&expiry_date=RECOVERY
2026-04-23 11:38:39,018 - ERROR - Upstox API Error fetching option chain: 400 Client Error: Bad Request for url: https://api.upstox.com/v2/option/chain?instrument_key=BSE_INDEX%7CSENSEX&expiry_date=RECOVERY
2026-04-23 11:38:39,019 - WARNING - ⚠️ API Rejection: Spot found=True, Chain found=False. Check Upstox Token or Expiry Date (RECOVERY). Retrying in 30s...
2026-04-23 11:38:39,019 - WARNING - ⚠️ API Rejection: Spot found=True, Chain found=False. Check Upstox Token or Expiry Date (RECOVERY). Retrying in 30s...
2026-04-23 11:39:09,050 - INFO - Deploying fresh Iron Butterfly for SENSEX...
2026-04-23 11:39:09,050 - INFO - Deploying fresh Iron Butterfly for SENSEX...
2026-04-23 11:39:09,050 - INFO - Fetching live spot price for SENSEX...
2026-04-23 11:39:09,050 - INFO - Fetching live spot price for SENSEX...
2026-04-23 11:39:09,261 - INFO - Live Spot Price for SENSEX is: 77783.78
2026-04-23 11:39:09,261 - INFO - Live Spot Price for SENSEX is: 77783.78
2026-04-23 11:39:09,263 - INFO - Fetching option chain for SENSEX expiring on RECOVERY...
2026-04-23 11:39:09,263 - INFO - Fetching option chain for SENSEX expiring on RECOVERY...
2026-04-23 11:39:09,471 - ERROR - Upstox API Error fetching option chain: 400 Client Error: Bad Request for url: https://api.upstox.com/v2/option/chain?instrument_key=BSE_INDEX%7CSENSEX&expiry_date=RECOVERY
2026-04-23 11:39:09,471 - ERROR - Upstox API Error fetching option chain: 400 Client Error: Bad Request for url: https://api.upstox.com/v2/option/chain?instrument_key=BSE_INDEX%7CSENSEX&expiry_date=RECOVERY
2026-04-23 11:39:09,473 - WARNING - ⚠️ API Rejection: Spot found=True, Chain found=False. Check Upstox Token or Expiry Date (RECOVERY). Retrying in 30s...
2026-04-23 11:39:09,473 - WARNING - ⚠️ API Rejection: Spot found=True, Chain found=False. Check Upstox Token or Expiry Date (RECOVERY). Retrying in 30s...
2026-04-23 11:40:14,263 - INFO - System Architect Bot V3 Initialized...
2026-04-23 11:40:14,263 - INFO - System Architect Bot V3 Initialized...
2026-04-23 11:40:14,263 - CRITICAL - 🎯 SENSEX EXPIRY DETECTED (2026-04-23). Loading Sensex Relay.
2026-04-23 11:40:14,263 - CRITICAL - 🎯 SENSEX EXPIRY DETECTED (2026-04-23). Loading Sensex Relay.
2026-04-23 11:40:14,265 - CRITICAL - 🏃 LATE BOOT DETECTED! Jumping straight into Morning Session (SENSEX)...
2026-04-23 11:40:14,265 - CRITICAL - 🏃 LATE BOOT DETECTED! Jumping straight into Morning Session (SENSEX)...
2026-04-23 11:40:14,265 - INFO - --- STARTING CONTINUOUS SESSION FOR SENSEX ---
2026-04-23 11:40:14,265 - INFO - --- STARTING CONTINUOUS SESSION FOR SENSEX ---
2026-04-23 11:40:14,265 - INFO - Deploying fresh Iron Butterfly for SENSEX...
2026-04-23 11:40:14,265 - INFO - Deploying fresh Iron Butterfly for SENSEX...
2026-04-23 11:40:14,265 - INFO - Fetching live spot price for SENSEX...
2026-04-23 11:40:14,265 - INFO - Fetching live spot price for SENSEX...
2026-04-23 11:40:14,622 - INFO - Live Spot Price for SENSEX is: 77761.6
2026-04-23 11:40:14,622 - INFO - Live Spot Price for SENSEX is: 77761.6
2026-04-23 11:40:14,624 - INFO - Fetching option chain for SENSEX expiring on 2026-04-23...
2026-04-23 11:40:14,624 - INFO - Fetching option chain for SENSEX expiring on 2026-04-23...
2026-04-23 11:40:14,940 - INFO - Calculating Iron Butterfly strikes & prices...
2026-04-23 11:40:14,940 - INFO - Calculating Iron Butterfly strikes & prices...
2026-04-23 11:40:14,941 - INFO - Selected Execution Legs: {'sell_ce': 'BSE_FO|880771', 'sell_pe': 'BSE_FO|880878', 'buy_ce': 'BSE_FO|880909', 'buy_pe': 'BSE_FO|881028'}
2026-04-23 11:40:14,941 - INFO - Selected Execution Legs: {'sell_ce': 'BSE_FO|880771', 'sell_pe': 'BSE_FO|880878', 'buy_ce': 'BSE_FO|880909', 'buy_pe': 'BSE_FO|881028'}
2026-04-23 11:40:14,941 - INFO - Target Entry Prices: {'sell_ce': 127.6, 'sell_pe': 144.3, 'buy_ce': 6.7, 'buy_pe': 7.5}
2026-04-23 11:40:14,941 - INFO - Target Entry Prices: {'sell_ce': 127.6, 'sell_pe': 144.3, 'buy_ce': 6.7, 'buy_pe': 7.5}
2026-04-23 11:40:14,941 - INFO - Selected Strikes: {'sell_ce': 77800, 'sell_pe': 77800, 'buy_ce': 78700.0, 'buy_pe': 77000.0}
2026-04-23 11:40:14,941 - INFO - Selected Strikes: {'sell_ce': 77800, 'sell_pe': 77800, 'buy_ce': 78700.0, 'buy_pe': 77000.0}
2026-04-23 11:40:14,941 - INFO - 🟡 SANDBOX MODE DETECTED: Simulating local paper execution...
2026-04-23 11:40:14,941 - INFO - 🟡 SANDBOX MODE DETECTED: Simulating local paper execution...
2026-04-23 11:40:14,941 - INFO - ✅ Simulated Basket Executed Successfully!
2026-04-23 11:40:14,941 - INFO - ✅ Simulated Basket Executed Successfully!
2026-04-23 11:40:14,944 - INFO - Entering live risk monitoring phase...
2026-04-23 11:40:14,944 - INFO - Entering live risk monitoring phase...
2026-04-23 11:40:14,944 - INFO - Initializing SDK WebSocket connection for live risk management...
2026-04-23 11:40:14,944 - INFO - Initializing SDK WebSocket connection for live risk management...
2026-04-23 11:40:14,948 - INFO - WebSocket Connected! Streaming live market data...
2026-04-23 11:40:14,948 - INFO - WebSocket Connected! Streaming live market data...
2026-04-23 11:40:16,051 - INFO - Websocket connected
2026-04-23 11:40:16,051 - INFO - Websocket connected
2026-04-23 11:40:16,205 - CRITICAL - ⚖️ SKEW STOP HIT: Market trended hard! Ratio is 8.81x. Squaring off to prevent runaway delta bleed.
2026-04-23 11:40:16,205 - CRITICAL - ⚖️ SKEW STOP HIT: Market trended hard! Ratio is 8.81x. Squaring off to prevent runaway delta bleed.
2026-04-23 11:40:16,205 - CRITICAL - Exit Signal Received: STOP_LOSS. Terminating WebSocket.
2026-04-23 11:40:16,205 - CRITICAL - Exit Signal Received: STOP_LOSS. Terminating WebSocket.
2026-04-23 11:40:16,951 - WARNING - 🚨 Stop Loss hit for SENSEX! Squaring off...
2026-04-23 11:40:16,951 - WARNING - 🚨 Stop Loss hit for SENSEX! Squaring off...
2026-04-23 11:40:16,951 - CRITICAL - TRIGGERING SQUARE OFF SEQUENCE!
2026-04-23 11:40:16,951 - CRITICAL - TRIGGERING SQUARE OFF SEQUENCE!
2026-04-23 11:40:16,951 - INFO - 💰 Simulated PnL for this trade: ₹-8117.00
2026-04-23 11:40:16,951 - INFO - 💰 Simulated PnL for this trade: ₹-8117.00
2026-04-23 11:40:17,999 - INFO - Cooling down for 60 seconds...
2026-04-23 11:40:17,999 - INFO - Cooling down for 60 seconds...
2026-04-23 11:41:18,019 - INFO - Deploying fresh Iron Butterfly for SENSEX...
2026-04-23 11:41:18,019 - INFO - Deploying fresh Iron Butterfly for SENSEX...
2026-04-23 11:41:18,019 - INFO - Fetching live spot price for SENSEX...
2026-04-23 11:41:18,019 - INFO - Fetching live spot price for SENSEX...
2026-04-23 11:41:18,219 - INFO - Live Spot Price for SENSEX is: 77777.88
2026-04-23 11:41:18,219 - INFO - Live Spot Price for SENSEX is: 77777.88
2026-04-23 11:41:18,221 - INFO - Fetching option chain for SENSEX expiring on 2026-04-23...
2026-04-23 11:41:18,221 - INFO - Fetching option chain for SENSEX expiring on 2026-04-23...
2026-04-23 11:41:18,787 - INFO - Calculating Iron Butterfly strikes & prices...
2026-04-23 11:41:18,787 - INFO - Calculating Iron Butterfly strikes & prices...
2026-04-23 11:41:18,788 - INFO - Selected Execution Legs: {'sell_ce': 'BSE_FO|880771', 'sell_pe': 'BSE_FO|880878', 'buy_ce': 'BSE_FO|881074', 'buy_pe': 'BSE_FO|881028'}
2026-04-23 11:41:18,788 - INFO - Selected Execution Legs: {'sell_ce': 'BSE_FO|880771', 'sell_pe': 'BSE_FO|880878', 'buy_ce': 'BSE_FO|881074', 'buy_pe': 'BSE_FO|881028'}
2026-04-23 11:41:18,789 - INFO - Target Entry Prices: {'sell_ce': 114.85, 'sell_pe': 155.9, 'buy_ce': 5.45, 'buy_pe': 7.8}
2026-04-23 11:41:18,789 - INFO - Target Entry Prices: {'sell_ce': 114.85, 'sell_pe': 155.9, 'buy_ce': 5.45, 'buy_pe': 7.8}
2026-04-23 11:41:18,789 - INFO - Selected Strikes: {'sell_ce': 77800, 'sell_pe': 77800, 'buy_ce': 78800.0, 'buy_pe': 77000.0}
2026-04-23 11:41:18,789 - INFO - Selected Strikes: {'sell_ce': 77800, 'sell_pe': 77800, 'buy_ce': 78800.0, 'buy_pe': 77000.0}
2026-04-23 11:41:18,789 - INFO - 🟡 SANDBOX MODE DETECTED: Simulating local paper execution...
2026-04-23 11:41:18,789 - INFO - 🟡 SANDBOX MODE DETECTED: Simulating local paper execution...
2026-04-23 11:41:18,789 - INFO - ✅ Simulated Basket Executed Successfully!
2026-04-23 11:41:18,789 - INFO - ✅ Simulated Basket Executed Successfully!
2026-04-23 11:41:18,792 - INFO - Entering live risk monitoring phase...
2026-04-23 11:41:18,792 - INFO - Entering live risk monitoring phase...
2026-04-23 11:41:18,792 - INFO - Initializing SDK WebSocket connection for live risk management...
2026-04-23 11:41:18,792 - INFO - Initializing SDK WebSocket connection for live risk management...
2026-04-23 11:41:18,794 - INFO - WebSocket Connected! Streaming live market data...
2026-04-23 11:41:18,794 - INFO - WebSocket Connected! Streaming live market data...
2026-04-23 11:41:19,795 - INFO - Websocket connected
2026-04-23 11:41:19,795 - INFO - Websocket connected
2026-04-23 11:41:19,948 - CRITICAL - ⚖️ SKEW STOP HIT: Market trended hard! Ratio is 8.81x. Squaring off to prevent runaway delta bleed.
2026-04-23 11:41:19,948 - CRITICAL - ⚖️ SKEW STOP HIT: Market trended hard! Ratio is 8.81x. Squaring off to prevent runaway delta bleed.
2026-04-23 11:41:19,949 - CRITICAL - Exit Signal Received: STOP_LOSS. Terminating WebSocket.
2026-04-23 11:41:19,949 - CRITICAL - Exit Signal Received: STOP_LOSS. Terminating WebSocket.
2026-04-23 11:41:20,797 - WARNING - 🚨 Stop Loss hit for SENSEX! Squaring off...
2026-04-23 11:41:20,797 - WARNING - 🚨 Stop Loss hit for SENSEX! Squaring off...
2026-04-23 11:41:20,797 - CRITICAL - TRIGGERING SQUARE OFF SEQUENCE!
2026-04-23 11:41:20,797 - CRITICAL - TRIGGERING SQUARE OFF SEQUENCE!
2026-04-23 11:41:20,798 - INFO - 💰 Simulated PnL for this trade: ₹-8851.00
2026-04-23 11:41:20,798 - INFO - 💰 Simulated PnL for this trade: ₹-8851.00
2026-04-23 11:41:21,841 - INFO - Cooling down for 60 seconds...
2026-04-23 11:41:21,841 - INFO - Cooling down for 60 seconds...
2026-04-23 11:42:21,902 - INFO - Deploying fresh Iron Butterfly for SENSEX...
2026-04-23 11:42:21,902 - INFO - Deploying fresh Iron Butterfly for SENSEX...
2026-04-23 11:42:21,902 - INFO - Fetching live spot price for SENSEX...
2026-04-23 11:42:21,902 - INFO - Fetching live spot price for SENSEX...
2026-04-23 11:42:22,117 - INFO - Live Spot Price for SENSEX is: 77731.46
2026-04-23 11:42:22,117 - INFO - Live Spot Price for SENSEX is: 77731.46
2026-04-23 11:42:22,119 - INFO - Fetching option chain for SENSEX expiring on 2026-04-23...
2026-04-23 11:42:22,119 - INFO - Fetching option chain for SENSEX expiring on 2026-04-23...
2026-04-23 11:42:22,427 - INFO - Calculating Iron Butterfly strikes & prices...
2026-04-23 11:42:22,427 - INFO - Calculating Iron Butterfly strikes & prices...
2026-04-23 11:42:22,428 - INFO - Selected Execution Legs: {'sell_ce': 'BSE_FO|880893', 'sell_pe': 'BSE_FO|880707', 'buy_ce': 'BSE_FO|881036', 'buy_pe': 'BSE_FO|880960'}
2026-04-23 11:42:22,428 - INFO - Selected Execution Legs: {'sell_ce': 'BSE_FO|880893', 'sell_pe': 'BSE_FO|880707', 'buy_ce': 'BSE_FO|881036', 'buy_pe': 'BSE_FO|880960'}
2026-04-23 11:42:22,428 - INFO - Target Entry Prices: {'sell_ce': 157.7, 'sell_pe': 117.55, 'buy_ce': 7.35, 'buy_pe': 6.1}
2026-04-23 11:42:22,428 - INFO - Target Entry Prices: {'sell_ce': 157.7, 'sell_pe': 117.55, 'buy_ce': 7.35, 'buy_pe': 6.1}
2026-04-23 11:42:22,428 - INFO - Selected Strikes: {'sell_ce': 77700, 'sell_pe': 77700, 'buy_ce': 78600.0, 'buy_pe': 76900.0}
2026-04-23 11:42:22,428 - INFO - Selected Strikes: {'sell_ce': 77700, 'sell_pe': 77700, 'buy_ce': 78600.0, 'buy_pe': 76900.0}
2026-04-23 11:42:22,428 - INFO - 🟡 SANDBOX MODE DETECTED: Simulating local paper execution...
2026-04-23 11:42:22,428 - INFO - 🟡 SANDBOX MODE DETECTED: Simulating local paper execution...
2026-04-23 11:42:22,429 - INFO - ✅ Simulated Basket Executed Successfully!
2026-04-23 11:42:22,429 - INFO - ✅ Simulated Basket Executed Successfully!
2026-04-23 11:42:22,432 - INFO - Entering live risk monitoring phase...
2026-04-23 11:42:22,432 - INFO - Entering live risk monitoring phase...
2026-04-23 11:42:22,432 - INFO - Initializing SDK WebSocket connection for live risk management...
2026-04-23 11:42:22,432 - INFO - Initializing SDK WebSocket connection for live risk management...
2026-04-23 11:42:22,433 - INFO - WebSocket Connected! Streaming live market data...
2026-04-23 11:42:22,433 - INFO - WebSocket Connected! Streaming live market data...
2026-04-23 11:42:23,426 - INFO - Websocket connected
2026-04-23 11:42:23,426 - INFO - Websocket connected
2026-04-23 11:44:45,192 - INFO - System Architect Bot V3 Initialized...
2026-04-23 11:44:45,192 - INFO - System Architect Bot V3 Initialized...
2026-04-23 11:44:45,193 - CRITICAL - 🎯 SENSEX EXPIRY DETECTED (2026-04-23). Loading Sensex Relay.
2026-04-23 11:44:45,193 - CRITICAL - 🎯 SENSEX EXPIRY DETECTED (2026-04-23). Loading Sensex Relay.
2026-04-23 11:44:45,195 - CRITICAL - 🏃 LATE BOOT DETECTED! Jumping straight into Morning Session (SENSEX)...
2026-04-23 11:44:45,195 - CRITICAL - 🏃 LATE BOOT DETECTED! Jumping straight into Morning Session (SENSEX)...
2026-04-23 11:44:45,195 - INFO - --- STARTING CONTINUOUS SESSION FOR SENSEX ---
2026-04-23 11:44:45,195 - INFO - --- STARTING CONTINUOUS SESSION FOR SENSEX ---
2026-04-23 11:44:45,195 - INFO - Deploying fresh Iron Butterfly for SENSEX...
2026-04-23 11:44:45,195 - INFO - Deploying fresh Iron Butterfly for SENSEX...
2026-04-23 11:44:45,195 - INFO - Fetching live spot price for SENSEX...
2026-04-23 11:44:45,195 - INFO - Fetching live spot price for SENSEX...
2026-04-23 11:44:45,428 - INFO - Live Spot Price for SENSEX is: 77745.25
2026-04-23 11:44:45,428 - INFO - Live Spot Price for SENSEX is: 77745.25
2026-04-23 11:44:45,429 - INFO - Fetching option chain for SENSEX expiring on 2026-04-23...
2026-04-23 11:44:45,429 - INFO - Fetching option chain for SENSEX expiring on 2026-04-23...
2026-04-23 11:44:45,729 - INFO - Calculating Iron Butterfly strikes & prices...
2026-04-23 11:44:45,729 - INFO - Calculating Iron Butterfly strikes & prices...
2026-04-23 11:44:45,730 - INFO - Selected Execution Legs: {'sell_ce': 'BSE_FO|880893', 'sell_pe': 'BSE_FO|880707', 'buy_ce': 'BSE_FO|881036', 'buy_pe': 'BSE_FO|880960'}
2026-04-23 11:44:45,730 - INFO - Selected Execution Legs: {'sell_ce': 'BSE_FO|880893', 'sell_pe': 'BSE_FO|880707', 'buy_ce': 'BSE_FO|881036', 'buy_pe': 'BSE_FO|880960'}
2026-04-23 11:44:45,730 - INFO - Target Entry Prices: {'sell_ce': 154.7, 'sell_pe': 119.5, 'buy_ce': 7.4, 'buy_pe': 6.0}
2026-04-23 11:44:45,730 - INFO - Target Entry Prices: {'sell_ce': 154.7, 'sell_pe': 119.5, 'buy_ce': 7.4, 'buy_pe': 6.0}
2026-04-23 11:44:45,731 - INFO - Selected Strikes: {'sell_ce': 77700, 'sell_pe': 77700, 'buy_ce': 78600.0, 'buy_pe': 76900.0}
2026-04-23 11:44:45,731 - INFO - Selected Strikes: {'sell_ce': 77700, 'sell_pe': 77700, 'buy_ce': 78600.0, 'buy_pe': 76900.0}
2026-04-23 11:44:45,731 - INFO - 🟡 SANDBOX MODE DETECTED: Simulating local paper execution...
2026-04-23 11:44:45,731 - INFO - 🟡 SANDBOX MODE DETECTED: Simulating local paper execution...
2026-04-23 11:44:45,731 - INFO - ✅ Simulated Basket Executed Successfully!
2026-04-23 11:44:45,731 - INFO - ✅ Simulated Basket Executed Successfully!
2026-04-23 11:44:45,734 - INFO - Entering live risk monitoring phase...
2026-04-23 11:44:45,734 - INFO - Entering live risk monitoring phase...
2026-04-23 11:44:45,735 - INFO - Initializing SDK WebSocket connection for live risk management...
2026-04-23 11:44:45,735 - INFO - Initializing SDK WebSocket connection for live risk management...
2026-04-23 11:44:45,738 - INFO - WebSocket Connected! Streaming live market data...
2026-04-23 11:44:45,738 - INFO - WebSocket Connected! Streaming live market data...
2026-04-23 11:44:46,794 - INFO - Websocket connected
2026-04-23 11:44:46,794 - INFO - Websocket connected
2026-04-23 12:26:02,519 - CRITICAL - 🚨 ZONE DEFENSE (VIX: 18.61)! Target 10.00% hit. Spot is safe (0.13% away). Upgrading target to 15.00%!
2026-04-23 12:26:02,519 - CRITICAL - 🚨 ZONE DEFENSE (VIX: 18.61)! Target 10.00% hit. Spot is safe (0.13% away). Upgrading target to 15.00%!
2026-04-23 12:26:13,170 - CRITICAL - 🛡️ TRAIL STOP HIT! Market reversed, but we locked in 8.00% guaranteed profit.
2026-04-23 12:26:13,170 - CRITICAL - 🛡️ TRAIL STOP HIT! Market reversed, but we locked in 8.00% guaranteed profit.
2026-04-23 12:26:13,170 - CRITICAL - Exit Signal Received: TAKE_PROFIT. Terminating WebSocket.
2026-04-23 12:26:13,170 - CRITICAL - Exit Signal Received: TAKE_PROFIT. Terminating WebSocket.
2026-04-23 12:26:13,450 - CRITICAL - 💰 PROFIT LOCKED for SENSEX! Squaring off positions.
2026-04-23 12:26:13,450 - CRITICAL - 💰 PROFIT LOCKED for SENSEX! Squaring off positions.
2026-04-23 12:26:13,450 - CRITICAL - TRIGGERING SQUARE OFF SEQUENCE!
2026-04-23 12:26:13,450 - CRITICAL - TRIGGERING SQUARE OFF SEQUENCE!
2026-04-23 12:26:13,450 - INFO - 💰 Simulated PnL for this trade: ₹415.00
2026-04-23 12:26:13,450 - INFO - 💰 Simulated PnL for this trade: ₹415.00
2026-04-23 12:26:15,621 - INFO - Cooling down for 60 seconds before looking for new setups...
2026-04-23 12:26:15,621 - INFO - Cooling down for 60 seconds before looking for new setups...
2026-04-23 12:27:15,682 - INFO - Deploying fresh Iron Butterfly for SENSEX...
2026-04-23 12:27:15,682 - INFO - Deploying fresh Iron Butterfly for SENSEX...
2026-04-23 12:27:15,682 - INFO - Fetching live spot price for SENSEX...
2026-04-23 12:27:15,682 - INFO - Fetching live spot price for SENSEX...
2026-04-23 12:27:15,986 - INFO - Live Spot Price for SENSEX is: 77760.55
2026-04-23 12:27:15,986 - INFO - Live Spot Price for SENSEX is: 77760.55
2026-04-23 12:27:15,988 - INFO - Fetching option chain for SENSEX expiring on 2026-04-23...
2026-04-23 12:27:15,988 - INFO - Fetching option chain for SENSEX expiring on 2026-04-23...
2026-04-23 12:27:16,411 - INFO - Calculating Iron Butterfly strikes & prices...
2026-04-23 12:27:16,411 - INFO - Calculating Iron Butterfly strikes & prices...
2026-04-23 12:27:16,412 - INFO - Selected Execution Legs: {'sell_ce': 'BSE_FO|880771', 'sell_pe': 'BSE_FO|880878', 'buy_ce': 'BSE_FO|880909', 'buy_pe': 'BSE_FO|880902'}
2026-04-23 12:27:16,412 - INFO - Selected Execution Legs: {'sell_ce': 'BSE_FO|880771', 'sell_pe': 'BSE_FO|880878', 'buy_ce': 'BSE_FO|880909', 'buy_pe': 'BSE_FO|880902'}
2026-04-23 12:27:16,412 - INFO - Target Entry Prices: {'sell_ce': 104.0, 'sell_pe': 130.5, 'buy_ce': 5.35, 'buy_pe': 7.0}
2026-04-23 12:27:16,412 - INFO - Target Entry Prices: {'sell_ce': 104.0, 'sell_pe': 130.5, 'buy_ce': 5.35, 'buy_pe': 7.0}
2026-04-23 12:27:16,412 - INFO - Selected Strikes: {'sell_ce': 77800, 'sell_pe': 77800, 'buy_ce': 78700.0, 'buy_pe': 77100.0}
2026-04-23 12:27:16,412 - INFO - Selected Strikes: {'sell_ce': 77800, 'sell_pe': 77800, 'buy_ce': 78700.0, 'buy_pe': 77100.0}
2026-04-23 12:27:16,412 - INFO - 🟡 SANDBOX MODE DETECTED: Simulating local paper execution...
2026-04-23 12:27:16,412 - INFO - 🟡 SANDBOX MODE DETECTED: Simulating local paper execution...
2026-04-23 12:27:16,412 - INFO - ✅ Simulated Basket Executed Successfully!
2026-04-23 12:27:16,412 - INFO - ✅ Simulated Basket Executed Successfully!
2026-04-23 12:27:16,415 - INFO - Entering live risk monitoring phase...
2026-04-23 12:27:16,415 - INFO - Entering live risk monitoring phase...
2026-04-23 12:27:16,415 - INFO - Initializing SDK WebSocket connection for live risk management...
2026-04-23 12:27:16,415 - INFO - Initializing SDK WebSocket connection for live risk management...
2026-04-23 12:27:16,417 - INFO - WebSocket Connected! Streaming live market data...
2026-04-23 12:27:16,417 - INFO - WebSocket Connected! Streaming live market data...
2026-04-23 12:27:17,404 - INFO - Websocket connected
2026-04-23 12:27:17,404 - INFO - Websocket connected
2026-04-23 12:31:58,783 - CRITICAL - 🩸 NET STOP LOSS HIT: Basket premium swelled by 15.00%. Squaring off to protect capital.
2026-04-23 12:31:58,783 - CRITICAL - 🩸 NET STOP LOSS HIT: Basket premium swelled by 15.00%. Squaring off to protect capital.
2026-04-23 12:31:58,783 - CRITICAL - Exit Signal Received: STOP_LOSS. Terminating WebSocket.
2026-04-23 12:31:58,783 - CRITICAL - Exit Signal Received: STOP_LOSS. Terminating WebSocket.
2026-04-23 12:31:59,727 - WARNING - 🚨 Stop Loss hit for SENSEX! Squaring off...
2026-04-23 12:31:59,727 - WARNING - 🚨 Stop Loss hit for SENSEX! Squaring off...
2026-04-23 12:31:59,727 - CRITICAL - TRIGGERING SQUARE OFF SEQUENCE!
2026-04-23 12:31:59,727 - CRITICAL - TRIGGERING SQUARE OFF SEQUENCE!
2026-04-23 12:31:59,728 - INFO - 💰 Simulated PnL for this trade: ₹-677.00
2026-04-23 12:31:59,728 - INFO - 💰 Simulated PnL for this trade: ₹-677.00
2026-04-23 12:32:00,805 - INFO - Cooling down for 60 seconds...
2026-04-23 12:32:00,805 - INFO - Cooling down for 60 seconds...
2026-04-23 12:33:00,819 - INFO - ⏰ Soft Cutoff (12:30) reached. No NEW SENSEX trades will be taken.
2026-04-23 12:33:00,819 - INFO - ⏰ Soft Cutoff (12:30) reached. No NEW SENSEX trades will be taken.
2026-04-23 12:33:00,819 - INFO - --- END OF SESSION FOR SENSEX ---
2026-04-23 12:33:00,819 - INFO - --- END OF SESSION FOR SENSEX ---
2026-04-23 12:33:00,820 - INFO - Waiting for scheduled events...
2026-04-23 12:33:00,820 - INFO - Waiting for scheduled events...
2026-04-23 12:33:00,820 - INFO - --- STARTING CONTINUOUS SESSION FOR NIFTY ---
2026-04-23 12:33:00,820 - INFO - --- STARTING CONTINUOUS SESSION FOR NIFTY ---
2026-04-23 12:33:00,820 - INFO - Deploying fresh Iron Butterfly for NIFTY...
2026-04-23 12:33:00,820 - INFO - Deploying fresh Iron Butterfly for NIFTY...
2026-04-23 12:33:00,820 - INFO - Fetching live spot price for NIFTY...
2026-04-23 12:33:00,820 - INFO - Fetching live spot price for NIFTY...
2026-04-23 12:33:01,062 - INFO - Live Spot Price for NIFTY is: 24172.75
2026-04-23 12:33:01,062 - INFO - Live Spot Price for NIFTY is: 24172.75
2026-04-23 12:33:01,063 - INFO - Fetching option chain for NIFTY expiring on 2026-04-28...
2026-04-23 12:33:01,063 - INFO - Fetching option chain for NIFTY expiring on 2026-04-28...
2026-04-23 12:33:01,379 - INFO - Calculating Iron Butterfly strikes & prices...
2026-04-23 12:33:01,379 - INFO - Calculating Iron Butterfly strikes & prices...
2026-04-23 12:33:01,380 - INFO - Selected Execution Legs: {'sell_ce': 'NSE_FO|72269', 'sell_pe': 'NSE_FO|72270', 'buy_ce': 'NSE_FO|72350', 'buy_pe': 'NSE_FO|72217'}
2026-04-23 12:33:01,380 - INFO - Selected Execution Legs: {'sell_ce': 'NSE_FO|72269', 'sell_pe': 'NSE_FO|72270', 'buy_ce': 'NSE_FO|72350', 'buy_pe': 'NSE_FO|72217'}
2026-04-23 12:33:01,380 - INFO - Target Entry Prices: {'sell_ce': 191.65, 'sell_pe': 190.8, 'buy_ce': 9.6, 'buy_pe': 10.05}
2026-04-23 12:33:01,380 - INFO - Target Entry Prices: {'sell_ce': 191.65, 'sell_pe': 190.8, 'buy_ce': 9.6, 'buy_pe': 10.05}
2026-04-23 12:33:01,380 - INFO - Selected Strikes: {'sell_ce': 24150, 'sell_pe': 24150, 'buy_ce': 25050.0, 'buy_pe': 23200.0}
2026-04-23 12:33:01,380 - INFO - Selected Strikes: {'sell_ce': 24150, 'sell_pe': 24150, 'buy_ce': 25050.0, 'buy_pe': 23200.0}
2026-04-23 12:33:01,380 - INFO - 🟡 SANDBOX MODE DETECTED: Simulating local paper execution...
2026-04-23 12:33:01,380 - INFO - 🟡 SANDBOX MODE DETECTED: Simulating local paper execution...
2026-04-23 12:33:01,380 - INFO - ✅ Simulated Basket Executed Successfully!
2026-04-23 12:33:01,380 - INFO - ✅ Simulated Basket Executed Successfully!
2026-04-23 12:33:01,384 - INFO - Entering live risk monitoring phase...
2026-04-23 12:33:01,384 - INFO - Entering live risk monitoring phase...
2026-04-23 12:33:01,384 - INFO - Initializing SDK WebSocket connection for live risk management...
2026-04-23 12:33:01,384 - INFO - Initializing SDK WebSocket connection for live risk management...
2026-04-23 12:33:01,386 - INFO - WebSocket Connected! Streaming live market data...
2026-04-23 12:33:01,386 - INFO - WebSocket Connected! Streaming live market data...
2026-04-23 12:33:02,483 - INFO - Websocket connected
2026-04-23 12:33:02,483 - INFO - Websocket connected
2026-04-23 12:33:02,638 - CRITICAL - 🩸 NET STOP LOSS HIT: Basket premium swelled by 15.00%. Squaring off to protect capital.
2026-04-23 12:33:02,638 - CRITICAL - 🩸 NET STOP LOSS HIT: Basket premium swelled by 15.00%. Squaring off to protect capital.
2026-04-23 12:33:02,638 - CRITICAL - Exit Signal Received: STOP_LOSS. Terminating WebSocket.
2026-04-23 12:33:02,638 - CRITICAL - Exit Signal Received: STOP_LOSS. Terminating WebSocket.
2026-04-23 12:33:03,389 - WARNING - 🚨 Stop Loss hit for NIFTY! Squaring off...
2026-04-23 12:33:03,389 - WARNING - 🚨 Stop Loss hit for NIFTY! Squaring off...
2026-04-23 12:33:03,389 - CRITICAL - TRIGGERING SQUARE OFF SEQUENCE!
2026-04-23 12:33:03,389 - CRITICAL - TRIGGERING SQUARE OFF SEQUENCE!
2026-04-23 12:33:03,389 - INFO - 💰 Simulated PnL for this trade: ₹-5677.75
2026-04-23 12:33:03,389 - INFO - 💰 Simulated PnL for this trade: ₹-5677.75
2026-04-23 12:33:04,436 - INFO - Cooling down for 60 seconds...
2026-04-23 12:33:04,436 - INFO - Cooling down for 60 seconds...
2026-04-23 12:34:04,497 - INFO - Deploying fresh Iron Butterfly for NIFTY...
2026-04-23 12:34:04,497 - INFO - Deploying fresh Iron Butterfly for NIFTY...
2026-04-23 12:34:04,498 - INFO - Fetching live spot price for NIFTY...
2026-04-23 12:34:04,498 - INFO - Fetching live spot price for NIFTY...
2026-04-23 12:34:04,718 - INFO - Live Spot Price for NIFTY is: 24179.95
2026-04-23 12:34:04,718 - INFO - Live Spot Price for NIFTY is: 24179.95
2026-04-23 12:34:04,719 - INFO - Fetching option chain for NIFTY expiring on 2026-04-28...
2026-04-23 12:34:04,719 - INFO - Fetching option chain for NIFTY expiring on 2026-04-28...
2026-04-23 12:34:05,087 - INFO - Calculating Iron Butterfly strikes & prices...
2026-04-23 12:34:05,087 - INFO - Calculating Iron Butterfly strikes & prices...
2026-04-23 12:34:05,088 - INFO - Selected Execution Legs: {'sell_ce': 'NSE_FO|72271', 'sell_pe': 'NSE_FO|72272', 'buy_ce': 'NSE_FO|72354', 'buy_pe': 'NSE_FO|72217'}
2026-04-23 12:34:05,088 - INFO - Selected Execution Legs: {'sell_ce': 'NSE_FO|72271', 'sell_pe': 'NSE_FO|72272', 'buy_ce': 'NSE_FO|72354', 'buy_pe': 'NSE_FO|72217'}
2026-04-23 12:34:05,088 - INFO - Target Entry Prices: {'sell_ce': 171.0, 'sell_pe': 211.2, 'buy_ce': 8.0, 'buy_pe': 9.8}
2026-04-23 12:34:05,088 - INFO - Target Entry Prices: {'sell_ce': 171.0, 'sell_pe': 211.2, 'buy_ce': 8.0, 'buy_pe': 9.8}
2026-04-23 12:34:05,088 - INFO - Selected Strikes: {'sell_ce': 24200, 'sell_pe': 24200, 'buy_ce': 25100.0, 'buy_pe': 23200.0}
2026-04-23 12:34:05,088 - INFO - Selected Strikes: {'sell_ce': 24200, 'sell_pe': 24200, 'buy_ce': 25100.0, 'buy_pe': 23200.0}
2026-04-23 12:34:05,088 - INFO - 🟡 SANDBOX MODE DETECTED: Simulating local paper execution...
2026-04-23 12:34:05,088 - INFO - 🟡 SANDBOX MODE DETECTED: Simulating local paper execution...
2026-04-23 12:34:05,088 - INFO - ✅ Simulated Basket Executed Successfully!
2026-04-23 12:34:05,088 - INFO - ✅ Simulated Basket Executed Successfully!
2026-04-23 12:34:05,092 - INFO - Entering live risk monitoring phase...
2026-04-23 12:34:05,092 - INFO - Entering live risk monitoring phase...
2026-04-23 12:34:05,092 - INFO - Initializing SDK WebSocket connection for live risk management...
2026-04-23 12:34:05,092 - INFO - Initializing SDK WebSocket connection for live risk management...
2026-04-23 12:34:05,093 - INFO - WebSocket Connected! Streaming live market data...
2026-04-23 12:34:05,093 - INFO - WebSocket Connected! Streaming live market data...
2026-04-23 12:34:06,102 - INFO - Websocket connected
2026-04-23 12:34:06,102 - INFO - Websocket connected
2026-04-23 12:36:16,555 - ERROR - WebSocket Error: Connection to remote host was lost.
2026-04-23 12:36:16,555 - ERROR - WebSocket Error: Connection to remote host was lost.
2026-04-23 12:36:16,555 - ERROR - Connection to remote host was lost. - goodbye
2026-04-23 12:36:16,555 - ERROR - Connection to remote host was lost. - goodbye
2026-04-23 12:36:18,390 - INFO - Websocket connected
2026-04-23 12:36:18,390 - INFO - Websocket connected
2026-04-23 12:36:18,594 - CRITICAL - 🩸 NET STOP LOSS HIT: Basket premium swelled by 15.00%. Squaring off to protect capital.
2026-04-23 12:36:18,594 - CRITICAL - 🩸 NET STOP LOSS HIT: Basket premium swelled by 15.00%. Squaring off to protect capital.
2026-04-23 12:36:18,594 - CRITICAL - Exit Signal Received: STOP_LOSS. Terminating WebSocket.
2026-04-23 12:36:18,594 - CRITICAL - Exit Signal Received: STOP_LOSS. Terminating WebSocket.
2026-04-23 12:36:19,240 - WARNING - 🚨 Stop Loss hit for NIFTY! Squaring off...
2026-04-23 12:36:19,240 - WARNING - 🚨 Stop Loss hit for NIFTY! Squaring off...
2026-04-23 12:36:19,240 - CRITICAL - TRIGGERING SQUARE OFF SEQUENCE!
2026-04-23 12:36:19,240 - CRITICAL - TRIGGERING SQUARE OFF SEQUENCE!
2026-04-23 12:36:19,240 - INFO - 💰 Simulated PnL for this trade: ₹-4641.00
2026-04-23 12:36:19,240 - INFO - 💰 Simulated PnL for this trade: ₹-4641.00
2026-04-23 12:36:20,316 - INFO - Cooling down for 60 seconds...
2026-04-23 12:36:20,316 - INFO - Cooling down for 60 seconds...
2026-04-23 12:37:20,377 - INFO - Deploying fresh Iron Butterfly for NIFTY...
2026-04-23 12:37:20,377 - INFO - Deploying fresh Iron Butterfly for NIFTY...
2026-04-23 12:37:20,377 - INFO - Fetching live spot price for NIFTY...
2026-04-23 12:37:20,377 - INFO - Fetching live spot price for NIFTY...
2026-04-23 12:37:20,592 - INFO - Live Spot Price for NIFTY is: 24176.2
2026-04-23 12:37:20,592 - INFO - Live Spot Price for NIFTY is: 24176.2
2026-04-23 12:37:20,593 - INFO - Fetching option chain for NIFTY expiring on 2026-04-28...
2026-04-23 12:37:20,593 - INFO - Fetching option chain for NIFTY expiring on 2026-04-28...
2026-04-23 12:37:20,874 - INFO - Calculating Iron Butterfly strikes & prices...
2026-04-23 12:37:20,874 - INFO - Calculating Iron Butterfly strikes & prices...
2026-04-23 12:37:20,875 - INFO - Selected Execution Legs: {'sell_ce': 'NSE_FO|72271', 'sell_pe': 'NSE_FO|72272', 'buy_ce': 'NSE_FO|72350', 'buy_pe': 'NSE_FO|72217'}
2026-04-23 12:37:20,875 - INFO - Selected Execution Legs: {'sell_ce': 'NSE_FO|72271', 'sell_pe': 'NSE_FO|72272', 'buy_ce': 'NSE_FO|72350', 'buy_pe': 'NSE_FO|72217'}
2026-04-23 12:37:20,875 - INFO - Target Entry Prices: {'sell_ce': 169.85, 'sell_pe': 209.4, 'buy_ce': 9.15, 'buy_pe': 9.65}
2026-04-23 12:37:20,875 - INFO - Target Entry Prices: {'sell_ce': 169.85, 'sell_pe': 209.4, 'buy_ce': 9.15, 'buy_pe': 9.65}
2026-04-23 12:37:20,875 - INFO - Selected Strikes: {'sell_ce': 24200, 'sell_pe': 24200, 'buy_ce': 25050.0, 'buy_pe': 23200.0}
2026-04-23 12:37:20,875 - INFO - Selected Strikes: {'sell_ce': 24200, 'sell_pe': 24200, 'buy_ce': 25050.0, 'buy_pe': 23200.0}
2026-04-23 12:37:20,875 - INFO - 🟡 SANDBOX MODE DETECTED: Simulating local paper execution...
2026-04-23 12:37:20,875 - INFO - 🟡 SANDBOX MODE DETECTED: Simulating local paper execution...
2026-04-23 12:37:20,875 - INFO - ✅ Simulated Basket Executed Successfully!
2026-04-23 12:37:20,875 - INFO - ✅ Simulated Basket Executed Successfully!
2026-04-23 12:37:20,878 - INFO - Entering live risk monitoring phase...
2026-04-23 12:37:20,878 - INFO - Entering live risk monitoring phase...
2026-04-23 12:37:20,878 - INFO - Initializing SDK WebSocket connection for live risk management...
2026-04-23 12:37:20,878 - INFO - Initializing SDK WebSocket connection for live risk management...
2026-04-23 12:37:20,879 - INFO - WebSocket Connected! Streaming live market data...
2026-04-23 12:37:20,879 - INFO - WebSocket Connected! Streaming live market data...
2026-04-23 12:37:21,884 - INFO - Websocket connected
2026-04-23 12:37:21,884 - INFO - Websocket connected
2026-04-23 14:18:18,784 - INFO - System Architect Bot V3 Initialized...
2026-04-23 14:18:18,784 - INFO - System Architect Bot V3 Initialized...
2026-04-23 14:18:18,784 - CRITICAL - 🎯 SENSEX EXPIRY DETECTED (2026-04-23). Loading Sensex Relay.
2026-04-23 14:18:18,784 - CRITICAL - 🎯 SENSEX EXPIRY DETECTED (2026-04-23). Loading Sensex Relay.
2026-04-23 14:18:18,785 - CRITICAL - 🔄 ORPHANED TRADE DETECTED ON BOOT! Instantly recovering NIFTY session...
2026-04-23 14:18:18,785 - CRITICAL - 🔄 ORPHANED TRADE DETECTED ON BOOT! Instantly recovering NIFTY session...
2026-04-23 14:18:18,785 - INFO - --- STARTING CONTINUOUS SESSION FOR NIFTY ---
2026-04-23 14:18:18,785 - INFO - --- STARTING CONTINUOUS SESSION FOR NIFTY ---
2026-04-23 14:18:18,786 - CRITICAL - 🌙 BTST CARRY FORWARD DETECTED: Waking up existing NIFTY trade.
2026-04-23 14:18:18,786 - CRITICAL - 🌙 BTST CARRY FORWARD DETECTED: Waking up existing NIFTY trade.
2026-04-23 14:18:18,786 - INFO - Initializing SDK WebSocket connection for live risk management...
2026-04-23 14:18:18,786 - INFO - Initializing SDK WebSocket connection for live risk management...
2026-04-23 14:18:18,791 - INFO - WebSocket Connected! Streaming live market data...
2026-04-23 14:18:18,791 - INFO - WebSocket Connected! Streaming live market data...
2026-04-23 14:18:20,012 - INFO - Websocket connected
2026-04-23 14:18:20,012 - INFO - Websocket connected
2026-04-23 14:27:45,938 - CRITICAL - 🛑 MANUAL EXIT TRIGGERED FROM UI! Forcing Square Off.
2026-04-23 14:27:45,938 - CRITICAL - 🛑 MANUAL EXIT TRIGGERED FROM UI! Forcing Square Off.
2026-04-23 14:27:45,938 - CRITICAL - Exit Signal Received: MANUAL_EXIT. Terminating WebSocket.
2026-04-23 14:27:45,938 - CRITICAL - Exit Signal Received: MANUAL_EXIT. Terminating WebSocket.
2026-04-23 14:27:46,406 - INFO - 🔄 Exit Signal (MANUAL_EXIT) received on Carry Forward. Squaring off...
2026-04-23 14:27:46,406 - INFO - 🔄 Exit Signal (MANUAL_EXIT) received on Carry Forward. Squaring off...
2026-04-23 14:27:46,406 - CRITICAL - TRIGGERING SQUARE OFF SEQUENCE!
2026-04-23 14:27:46,406 - CRITICAL - TRIGGERING SQUARE OFF SEQUENCE!
2026-04-23 14:27:46,407 - INFO - 💰 Simulated PnL for this trade: ₹760.50
2026-04-23 14:27:46,407 - INFO - 💰 Simulated PnL for this trade: ₹760.50
2026-04-23 14:27:57,967 - INFO - 🧹 Auto-cleared BTST flag from UI so the fresh trade doesn't carry forward blindly.
2026-04-23 14:27:57,967 - INFO - 🧹 Auto-cleared BTST flag from UI so the fresh trade doesn't carry forward blindly.
2026-04-23 14:27:57,967 - INFO - Deploying fresh Iron Butterfly for NIFTY...
2026-04-23 14:27:57,967 - INFO - Deploying fresh Iron Butterfly for NIFTY...
2026-04-23 14:27:57,968 - INFO - Fetching live spot price for NIFTY...
2026-04-23 14:27:57,968 - INFO - Fetching live spot price for NIFTY...
2026-04-23 14:27:58,174 - INFO - Live Spot Price for NIFTY is: 24195.15
2026-04-23 14:27:58,174 - INFO - Live Spot Price for NIFTY is: 24195.15
2026-04-23 14:27:58,175 - INFO - Fetching option chain for NIFTY expiring on 2026-04-28...
2026-04-23 14:27:58,175 - INFO - Fetching option chain for NIFTY expiring on 2026-04-28...
2026-04-23 14:27:58,483 - INFO - Calculating Iron Butterfly strikes & prices...
2026-04-23 14:27:58,483 - INFO - Calculating Iron Butterfly strikes & prices...
2026-04-23 14:27:58,484 - INFO - Selected Execution Legs: {'sell_ce': 'NSE_FO|72271', 'sell_pe': 'NSE_FO|72272', 'buy_ce': 'NSE_FO|72350', 'buy_pe': 'NSE_FO|72219'}
2026-04-23 14:27:58,484 - INFO - Selected Execution Legs: {'sell_ce': 'NSE_FO|72271', 'sell_pe': 'NSE_FO|72272', 'buy_ce': 'NSE_FO|72350', 'buy_pe': 'NSE_FO|72219'}
2026-04-23 14:27:58,484 - INFO - Target Entry Prices: {'sell_ce': 176.2, 'sell_pe': 189.7, 'buy_ce': 9.3, 'buy_pe': 9.6}
2026-04-23 14:27:58,484 - INFO - Target Entry Prices: {'sell_ce': 176.2, 'sell_pe': 189.7, 'buy_ce': 9.3, 'buy_pe': 9.6}
2026-04-23 14:27:58,484 - INFO - Selected Strikes: {'sell_ce': 24200, 'sell_pe': 24200, 'buy_ce': 25050.0, 'buy_pe': 23250.0}
2026-04-23 14:27:58,484 - INFO - Selected Strikes: {'sell_ce': 24200, 'sell_pe': 24200, 'buy_ce': 25050.0, 'buy_pe': 23250.0}
2026-04-23 14:27:58,484 - INFO - Synchronizing with Live Exchange Quotes to bypass cached API data...
2026-04-23 14:27:58,484 - INFO - Synchronizing with Live Exchange Quotes to bypass cached API data...
2026-04-23 14:27:58,682 - INFO - Absolute Real-Time Entry Prices: {'sell_ce': 176.2, 'sell_pe': 189.7, 'buy_ce': 9.3, 'buy_pe': 9.6}
2026-04-23 14:27:58,682 - INFO - Absolute Real-Time Entry Prices: {'sell_ce': 176.2, 'sell_pe': 189.7, 'buy_ce': 9.3, 'buy_pe': 9.6}
2026-04-23 14:27:58,682 - INFO - 🟡 SANDBOX MODE DETECTED: Simulating local paper execution...
2026-04-23 14:27:58,682 - INFO - 🟡 SANDBOX MODE DETECTED: Simulating local paper execution...
2026-04-23 14:27:58,683 - INFO - ✅ Simulated Basket Executed Successfully!
2026-04-23 14:27:58,683 - INFO - ✅ Simulated Basket Executed Successfully!
2026-04-23 14:27:58,686 - INFO - Entering live risk monitoring phase...
2026-04-23 14:27:58,686 - INFO - Entering live risk monitoring phase...
2026-04-23 14:27:58,686 - INFO - Initializing SDK WebSocket connection for live risk management...
2026-04-23 14:27:58,686 - INFO - Initializing SDK WebSocket connection for live risk management...
2026-04-23 14:27:58,688 - INFO - WebSocket Connected! Streaming live market data...
2026-04-23 14:27:58,688 - INFO - WebSocket Connected! Streaming live market data...
2026-04-23 14:27:59,765 - INFO - Websocket connected
2026-04-23 14:27:59,765 - INFO - Websocket connected
2026-04-23 15:15:00,113 - CRITICAL - ⏰ END OF DAY (15:15) REACHED! Forcing Square Off.
2026-04-23 15:15:00,113 - CRITICAL - ⏰ END OF DAY (15:15) REACHED! Forcing Square Off.
2026-04-23 15:15:00,114 - CRITICAL - Exit Signal Received: TIME_EXIT. Terminating WebSocket.
2026-04-23 15:15:00,114 - CRITICAL - Exit Signal Received: TIME_EXIT. Terminating WebSocket.
2026-04-23 15:15:00,753 - CRITICAL - ⏰ EOD Cutoff triggered for NIFTY. Squaring off and ending session.
2026-04-23 15:15:00,753 - CRITICAL - ⏰ EOD Cutoff triggered for NIFTY. Squaring off and ending session.
2026-04-23 15:15:00,754 - CRITICAL - TRIGGERING SQUARE OFF SEQUENCE!
2026-04-23 15:15:00,754 - CRITICAL - TRIGGERING SQUARE OFF SEQUENCE!
2026-04-23 15:15:00,754 - INFO - 💰 Simulated PnL for this trade: ₹-1017.25
2026-04-23 15:15:00,754 - INFO - 💰 Simulated PnL for this trade: ₹-1017.25
2026-04-23 15:15:01,797 - INFO - --- END OF SESSION FOR NIFTY ---
2026-04-23 15:15:01,797 - INFO - --- END OF SESSION FOR NIFTY ---
2026-04-23 15:15:01,804 - INFO - Waiting for scheduled events...
2026-04-23 15:15:01,804 - INFO - Waiting for scheduled events...
2026-04-23 23:57:03,797 - INFO - System Architect Bot V4 Initialized — Master Architecture Active 🏛️
2026-04-23 23:57:03,797 - INFO - System Architect Bot V4 Initialized — Master Architecture Active 🏛️
2026-04-23 23:57:03,797 - INFO -   VIX Adaptive Profiles: ON (Low<13, High>18)
2026-04-23 23:57:03,797 - INFO -   VIX Adaptive Profiles: ON (Low<13, High>18)
2026-04-23 23:57:03,797 - INFO -   Delta-Based Wings: ON
2026-04-23 23:57:03,797 - INFO -   Delta-Based Wings: ON
2026-04-23 23:57:03,797 - INFO -   Ratchet Trailing Stop: ON (Floor=80%, Ratchet=75%)
2026-04-23 23:57:03,797 - INFO -   Ratchet Trailing Stop: ON (Floor=80%, Ratchet=75%)
2026-04-23 23:57:03,797 - INFO -   ATM Drift Guard: ON (1.5x wing width)
2026-04-23 23:57:03,797 - INFO -   ATM Drift Guard: ON (1.5x wing width)
2026-04-23 23:57:03,798 - INFO -   Circuit Breaker: ON (2 consecutive losses)
2026-04-23 23:57:03,798 - INFO -   Circuit Breaker: ON (2 consecutive losses)
2026-04-23 23:57:03,798 - INFO -   Opening Range Gap Filter: ON (0.8% threshold, 15min settle)
2026-04-23 23:57:03,798 - INFO -   Opening Range Gap Filter: ON (0.8% threshold, 15min settle)
2026-04-23 23:57:03,798 - INFO -   Expiry Day Theta Squeeze: ON
2026-04-23 23:57:03,798 - INFO -   Expiry Day Theta Squeeze: ON
2026-04-23 23:57:03,798 - CRITICAL - 🎯 SENSEX EXPIRY DETECTED (2026-04-23). Theta Squeeze: Sensex enters AFTERNOON, Nifty gets MORNING.
2026-04-23 23:57:03,798 - CRITICAL - 🎯 SENSEX EXPIRY DETECTED (2026-04-23). Theta Squeeze: Sensex enters AFTERNOON, Nifty gets MORNING.
2026-04-23 23:57:03,800 - INFO - Waiting for scheduled events...
2026-04-23 23:57:03,800 - INFO - Waiting for scheduled events...
2026-04-23 23:57:51,702 - INFO - System Architect Bot V4 Initialized — Master Architecture Active 🏛️
2026-04-23 23:57:51,702 - INFO - System Architect Bot V4 Initialized — Master Architecture Active 🏛️
2026-04-23 23:57:51,703 - INFO -   VIX Adaptive Profiles: ON (Low<13, High>18)
2026-04-23 23:57:51,703 - INFO -   VIX Adaptive Profiles: ON (Low<13, High>18)
2026-04-23 23:57:51,703 - INFO -   Delta-Based Wings: ON
2026-04-23 23:57:51,703 - INFO -   Delta-Based Wings: ON
2026-04-23 23:57:51,703 - INFO -   Ratchet Trailing Stop: ON (Floor=80%, Ratchet=75%)
2026-04-23 23:57:51,703 - INFO -   Ratchet Trailing Stop: ON (Floor=80%, Ratchet=75%)
2026-04-23 23:57:51,703 - INFO -   ATM Drift Guard: ON (1.5x wing width)
2026-04-23 23:57:51,703 - INFO -   ATM Drift Guard: ON (1.5x wing width)
2026-04-23 23:57:51,703 - INFO -   Circuit Breaker: ON (2 consecutive losses)
2026-04-23 23:57:51,703 - INFO -   Circuit Breaker: ON (2 consecutive losses)
2026-04-23 23:57:51,703 - INFO -   Opening Range Gap Filter: ON (0.8% threshold, 15min settle)
2026-04-23 23:57:51,703 - INFO -   Opening Range Gap Filter: ON (0.8% threshold, 15min settle)
2026-04-23 23:57:51,703 - INFO -   Expiry Day Theta Squeeze: ON
2026-04-23 23:57:51,703 - INFO -   Expiry Day Theta Squeeze: ON
2026-04-23 23:57:51,704 - INFO - 📅 Normal Trading Day (2026-04-23 - THURSDAY). Defaulting to SENSEX.
2026-04-23 23:57:51,704 - INFO - 📅 Normal Trading Day (2026-04-23 - THURSDAY). Defaulting to SENSEX.
2026-04-23 23:57:51,706 - INFO - Waiting for scheduled events...
2026-04-23 23:57:51,706 - INFO - Waiting for scheduled events...
2026-04-24 00:00:56,675 - INFO - System Architect Bot V4 Initialized — Master Architecture Active 🏛️
2026-04-24 00:00:56,675 - INFO - System Architect Bot V4 Initialized — Master Architecture Active 🏛️
2026-04-24 00:00:56,675 - INFO -   VIX Adaptive Profiles: ON (Low<13, High>18)
2026-04-24 00:00:56,675 - INFO -   VIX Adaptive Profiles: ON (Low<13, High>18)
2026-04-24 00:00:56,675 - INFO -   Delta-Based Wings: ON
2026-04-24 00:00:56,675 - INFO -   Delta-Based Wings: ON
2026-04-24 00:00:56,675 - INFO -   Ratchet Trailing Stop: ON (Floor=80%, Ratchet=75%)
2026-04-24 00:00:56,675 - INFO -   Ratchet Trailing Stop: ON (Floor=80%, Ratchet=75%)
2026-04-24 00:00:56,675 - INFO -   ATM Drift Guard: ON (1.5x wing width)
2026-04-24 00:00:56,675 - INFO -   ATM Drift Guard: ON (1.5x wing width)
2026-04-24 00:00:56,676 - INFO -   Circuit Breaker: ON (2 consecutive losses)
2026-04-24 00:00:56,676 - INFO -   Circuit Breaker: ON (2 consecutive losses)
2026-04-24 00:00:56,676 - INFO -   Opening Range Gap Filter: ON (0.8% threshold, 15min settle)
2026-04-24 00:00:56,676 - INFO -   Opening Range Gap Filter: ON (0.8% threshold, 15min settle)
2026-04-24 00:00:56,676 - INFO -   Expiry Day Theta Squeeze: ON
2026-04-24 00:00:56,676 - INFO -   Expiry Day Theta Squeeze: ON
2026-04-24 00:00:56,676 - INFO - 📅 Normal Trading Day (2026-04-24 - FRIDAY). Defaulting to NIFTY.
2026-04-24 00:00:56,676 - INFO - 📅 Normal Trading Day (2026-04-24 - FRIDAY). Defaulting to NIFTY.
2026-04-24 00:00:56,678 - INFO - Waiting for scheduled events...
2026-04-24 00:00:56,678 - INFO - Waiting for scheduled events...
2026-04-24 06:56:34,509 - INFO - System Architect Bot V4 Initialized — Master Architecture Active 🏛️
2026-04-24 06:56:34,509 - INFO - System Architect Bot V4 Initialized — Master Architecture Active 🏛️
2026-04-24 06:56:34,509 - INFO -   VIX Adaptive Profiles: ON (Low<13, High>18)
2026-04-24 06:56:34,509 - INFO -   VIX Adaptive Profiles: ON (Low<13, High>18)
2026-04-24 06:56:34,510 - INFO -   Delta-Based Wings: ON
2026-04-24 06:56:34,510 - INFO -   Delta-Based Wings: ON
2026-04-24 06:56:34,510 - INFO -   Ratchet Trailing Stop: ON (Floor=80%, Ratchet=75%)
2026-04-24 06:56:34,510 - INFO -   Ratchet Trailing Stop: ON (Floor=80%, Ratchet=75%)
2026-04-24 06:56:34,510 - INFO -   ATM Drift Guard: ON (1.5x wing width)
2026-04-24 06:56:34,510 - INFO -   ATM Drift Guard: ON (1.5x wing width)
2026-04-24 06:56:34,510 - INFO -   Circuit Breaker: ON (2 consecutive losses)
2026-04-24 06:56:34,510 - INFO -   Circuit Breaker: ON (2 consecutive losses)
2026-04-24 06:56:34,510 - INFO -   Opening Range Gap Filter: ON (0.8% threshold, 15min settle)
2026-04-24 06:56:34,510 - INFO -   Opening Range Gap Filter: ON (0.8% threshold, 15min settle)
2026-04-24 06:56:34,510 - INFO -   Expiry Day Theta Squeeze: ON
2026-04-24 06:56:34,510 - INFO -   Expiry Day Theta Squeeze: ON
2026-04-24 06:56:34,511 - INFO - 📅 Normal Trading Day (2026-04-24 - FRIDAY). Defaulting to NIFTY.
2026-04-24 06:56:34,511 - INFO - 📅 Normal Trading Day (2026-04-24 - FRIDAY). Defaulting to NIFTY.
2026-04-24 06:56:34,512 - INFO - Waiting for scheduled events...
2026-04-24 06:56:34,512 - INFO - Waiting for scheduled events...
2026-04-24 08:00:00,746 - INFO - 📅 Normal Trading Day (2026-04-24 - FRIDAY). Defaulting to NIFTY.
2026-04-24 08:00:00,746 - INFO - 📅 Normal Trading Day (2026-04-24 - FRIDAY). Defaulting to NIFTY.
2026-04-24 08:05:48,358 - INFO - System Architect Bot V4 Initialized — Master Architecture Active 🏛️
2026-04-24 08:05:48,358 - INFO -   VIX Adaptive Profiles: ON (Low<13, High>18)
2026-04-24 08:05:48,358 - INFO -   Delta-Based Wings: ON
2026-04-24 08:05:48,358 - INFO -   Ratchet Trailing Stop: ON (Floor=80%, Ratchet=75%)
2026-04-24 08:05:48,358 - INFO -   ATM Drift Guard: ON (1.5x wing width)
2026-04-24 08:05:48,358 - INFO -   Circuit Breaker: ON (2 consecutive losses)
2026-04-24 08:05:48,358 - INFO -   Opening Range Gap Filter: ON (0.8% threshold, 15min settle)
2026-04-24 08:05:48,359 - INFO -   Expiry Day Theta Squeeze: ON
2026-04-24 08:05:48,359 - INFO -   Double-Log Fix: ON (stream_handler=False)
2026-04-24 08:05:48,359 - INFO - 📅 Normal Trading Day (2026-04-24 - FRIDAY). Defaulting to NIFTY.
2026-04-24 08:05:48,361 - INFO - Waiting for scheduled events...
2026-04-24 09:15:00,972 - INFO - --- STARTING CONTINUOUS SESSION FOR NIFTY ---
2026-04-24 09:15:01,307 - INFO - 📈 NIFTY LTP: 24111.2, Prev Close: 24111.2
2026-04-24 09:15:01,312 - INFO - 📊 Gap Analysis: NIFTY opened at 24111.20, Prev Close: 24111.20, Gap: 0.00% DOWN
2026-04-24 09:15:01,313 - INFO - ✅ Gap within tolerance (0.00% < 0.8%). Proceeding normally.
2026-04-24 09:15:01,313 - INFO - Deploying fresh Iron Butterfly for NIFTY...
2026-04-24 09:15:01,313 - INFO - Fetching live spot price for NIFTY...
2026-04-24 09:15:01,545 - INFO - Live Spot Price for NIFTY is: 24111.2
2026-04-24 09:15:01,547 - INFO - Fetching option chain for NIFTY expiring on 2026-04-28...
2026-04-24 09:15:02,189 - INFO - 📊 India VIX: 18.06
2026-04-24 09:15:02,190 - INFO - 📊 VIX Profile Selected: HIGH_VIX (VIX=18.06) → Wing δ=12, Target=25%
2026-04-24 09:15:02,191 - INFO - Calculating Iron Butterfly strikes & prices (Wing δ=12)...
2026-04-24 09:15:02,191 - INFO - Selecting protective wings via delta-based method (target δ=12)...
2026-04-24 09:15:02,193 - INFO -   Wing CE: Strike 24500.0, LTP ₹50.15 (via Premium Proxy, target δ=12)
2026-04-24 09:15:02,195 - INFO -   Wing PE: Strike 23700.0, LTP ₹38.20 (via Premium Proxy, target δ=12)
2026-04-24 09:15:02,196 - INFO - Selected Execution Legs: {'sell_ce': 'NSE_FO|72267', 'sell_pe': 'NSE_FO|72268', 'buy_ce': 'NSE_FO|72325', 'buy_pe': 'NSE_FO|72252'}
2026-04-24 09:15:02,197 - INFO - Target Entry Prices: {'sell_ce': 202.45, 'sell_pe': 146.25, 'buy_ce': 50.15, 'buy_pe': 38.2}
2026-04-24 09:15:02,198 - INFO - Selected Strikes: {'sell_ce': 24100, 'sell_pe': 24100, 'buy_ce': 24500.0, 'buy_pe': 23700.0}
2026-04-24 09:15:02,198 - INFO - Synchronizing with Live Exchange Quotes to bypass cached API data...
2026-04-24 09:15:02,458 - INFO - Absolute Real-Time Entry Prices: {'sell_ce': 202.45, 'sell_pe': 146.25, 'buy_ce': 50.15, 'buy_pe': 38.2}
2026-04-24 09:15:02,459 - INFO - 🟡 SANDBOX MODE DETECTED: Simulating local paper execution...
2026-04-24 09:15:02,459 - INFO - ✅ Simulated Basket Executed Successfully!
2026-04-24 09:15:02,476 - INFO - Entering live risk monitoring phase...
2026-04-24 09:15:02,477 - INFO - Initializing SDK WebSocket connection for live risk management...
2026-04-24 09:15:02,485 - INFO - WebSocket Connected! Streaming live market data...
2026-04-24 09:15:03,578 - INFO - Websocket connected
2026-04-24 13:09:53,710 - WARNING - ⚠️ FREAK TICK WARNING: Stop Loss breached. Confirmation count: 1/3
2026-04-24 13:09:54,006 - WARNING - ⚠️ FREAK TICK WARNING: Stop Loss breached. Confirmation count: 2/3
2026-04-24 13:09:54,156 - WARNING - ⚠️ FREAK TICK WARNING: Stop Loss breached. Confirmation count: 3/3
2026-04-24 13:09:54,156 - CRITICAL - 🚨 CONFIRMED STOP LOSS: Price sustained above limit for 3 ticks. Exiting.
2026-04-24 13:09:54,156 - CRITICAL - Exit Signal Received: STOP_LOSS. Terminating WebSocket.
2026-04-24 13:09:54,811 - WARNING - 🚨 Stop Loss hit for NIFTY! Squaring off...
2026-04-24 13:09:54,812 - CRITICAL - TRIGGERING SQUARE OFF SEQUENCE!
2026-04-24 13:09:54,812 - INFO - 💰 Simulated PnL for this trade: ₹-513.50
2026-04-24 13:09:56,359 - INFO - 🔌 Circuit Breaker: 1/2 consecutive losses.
2026-04-24 13:09:56,359 - INFO - Cooling down for 60 seconds...
2026-04-24 13:10:56,369 - INFO - Deploying fresh Iron Butterfly for NIFTY...
2026-04-24 13:10:56,369 - INFO - Fetching live spot price for NIFTY...
2026-04-24 13:10:56,700 - INFO - Live Spot Price for NIFTY is: 23870.85
2026-04-24 13:10:56,702 - INFO - Fetching option chain for NIFTY expiring on 2026-04-28...
2026-04-24 13:10:57,296 - INFO - 📊 India VIX: 19.41
2026-04-24 13:10:57,298 - INFO - 📊 VIX Profile Selected: HIGH_VIX (VIX=19.41) → Wing δ=12, Target=25%
2026-04-24 13:10:57,298 - INFO - Calculating Iron Butterfly strikes & prices (Wing δ=12)...
2026-04-24 13:10:57,298 - INFO - Selecting protective wings via delta-based method (target δ=12)...
2026-04-24 13:10:57,299 - INFO -   Wing CE: Strike 24300.0, LTP ₹43.30 (via Premium Proxy, target δ=12)
2026-04-24 13:10:57,299 - INFO -   Wing PE: Strike 23450.0, LTP ₹35.65 (via Premium Proxy, target δ=12)
2026-04-24 13:10:57,299 - INFO - Selected Execution Legs: {'sell_ce': 'NSE_FO|72257', 'sell_pe': 'NSE_FO|72258', 'buy_ce': 'NSE_FO|72279', 'buy_pe': 'NSE_FO|72227'}
2026-04-24 13:10:57,299 - INFO - Target Entry Prices: {'sell_ce': 191.9, 'sell_pe': 146.55, 'buy_ce': 43.3, 'buy_pe': 35.65}
2026-04-24 13:10:57,299 - INFO - Selected Strikes: {'sell_ce': 23850, 'sell_pe': 23850, 'buy_ce': 24300.0, 'buy_pe': 23450.0}
2026-04-24 13:10:57,299 - INFO - Synchronizing with Live Exchange Quotes to bypass cached API data...
2026-04-24 13:10:57,795 - INFO - Absolute Real-Time Entry Prices: {'sell_ce': 191.9, 'sell_pe': 146.55, 'buy_ce': 43.3, 'buy_pe': 35.65}
2026-04-24 13:10:57,796 - INFO - 🟡 SANDBOX MODE DETECTED: Simulating local paper execution...
2026-04-24 13:10:57,796 - INFO - ✅ Simulated Basket Executed Successfully!
2026-04-24 13:10:57,807 - INFO - Entering live risk monitoring phase...
2026-04-24 13:10:57,807 - INFO - Initializing SDK WebSocket connection for live risk management...
2026-04-24 13:10:57,809 - INFO - WebSocket Connected! Streaming live market data...
2026-04-24 13:10:58,790 - INFO - Websocket connected
2026-04-24 15:30:00,885 - INFO - 🏁 Market Closed. Terminating WebSocket gracefully to preserve BTST state.
2026-04-24 15:30:01,037 - INFO - 🛑 Live market feed ended for NIFTY. Proceeding to EOD evaluation.
2026-04-24 15:30:01,038 - INFO - --- END OF SESSION FOR NIFTY ---
2026-04-24 15:30:01,038 - CRITICAL - 🌙 BTST ENABLED: Carrying forward NIFTY overnight.
2026-04-25 08:00:00,157 - INFO - 📅 Normal Trading Day (2026-04-25 - SATURDAY). Defaulting to NIFTY.
2026-04-25 09:15:00,165 - INFO - --- STARTING CONTINUOUS SESSION FOR NIFTY ---
2026-04-25 09:15:00,166 - CRITICAL - 🌙 BTST CARRY FORWARD DETECTED: Waking up existing NIFTY trade.
2026-04-25 09:15:00,166 - INFO - Initializing SDK WebSocket connection for live risk management...
2026-04-25 09:15:00,167 - INFO - WebSocket Connected! Streaming live market data...
2026-04-25 09:15:01,393 - INFO - Websocket connected
2026-04-25 09:16:02,236 - CRITICAL - ☠️ SILENT DEATH DETECTED: No WebSocket ticks received for 60 seconds! Forcing emergency exit.
2026-04-25 09:16:02,388 - INFO - 🔄 Exit Signal (SOCKET_DEAD) received on Carry Forward. Squaring off...
2026-04-25 09:16:02,388 - CRITICAL - TRIGGERING SQUARE OFF SEQUENCE!
2026-04-25 09:16:02,389 - INFO - 💰 Simulated PnL for this trade: ₹0.00
2026-04-25 09:16:15,095 - INFO - 🧹 Auto-cleared BTST flag from UI so the fresh trade doesn't carry forward blindly.
2026-04-25 09:16:15,328 - INFO - 📈 NIFTY LTP: 23897.95, Prev Close: 23897.95
2026-04-25 09:16:15,329 - INFO - 📊 Gap Analysis: NIFTY opened at 23897.95, Prev Close: 23897.95, Gap: 0.00% DOWN
2026-04-25 09:16:15,330 - INFO - ✅ Gap within tolerance (0.00% < 0.8%). Proceeding normally.
2026-04-25 09:16:15,330 - INFO - Deploying fresh Iron Butterfly for NIFTY...
2026-04-25 09:16:15,330 - INFO - Fetching live spot price for NIFTY...
2026-04-25 09:16:15,528 - INFO - Live Spot Price for NIFTY is: 23897.95
2026-04-25 09:16:15,529 - INFO - Fetching option chain for NIFTY expiring on 2026-04-28...
2026-04-25 09:16:16,028 - INFO - 📊 India VIX: 19.71
2026-04-25 09:16:16,030 - INFO - 📊 VIX Profile Selected: HIGH_VIX (VIX=19.71) → Wing δ=12, Target=25%
2026-04-25 09:16:16,030 - INFO - Calculating Iron Butterfly strikes & prices (Wing δ=12)...
2026-04-25 09:16:16,030 - INFO - Selecting protective wings via delta-based method (target δ=12)...
2026-04-25 09:16:16,030 - INFO -   Wing CE: Strike 24350.0, LTP ₹48.05 (via Premium Proxy, target δ=12)
2026-04-25 09:16:16,031 - INFO -   Wing PE: Strike 23500.0, LTP ₹41.90 (via Premium Proxy, target δ=12)
2026-04-25 09:16:16,031 - INFO - Selected Execution Legs: {'sell_ce': 'NSE_FO|72259', 'sell_pe': 'NSE_FO|72260', 'buy_ce': 'NSE_FO|72312', 'buy_pe': 'NSE_FO|72229'}
2026-04-25 09:16:16,031 - INFO - Target Entry Prices: {'sell_ce': 193.45, 'sell_pe': 161.2, 'buy_ce': 48.05, 'buy_pe': 41.9}
2026-04-25 09:16:16,031 - INFO - Selected Strikes: {'sell_ce': 23900, 'sell_pe': 23900, 'buy_ce': 24350.0, 'buy_pe': 23500.0}
2026-04-25 09:16:16,031 - INFO - Synchronizing with Live Exchange Quotes to bypass cached API data...
2026-04-25 09:16:16,244 - INFO - Absolute Real-Time Entry Prices: {'sell_ce': 193.45, 'sell_pe': 161.2, 'buy_ce': 48.05, 'buy_pe': 41.9}
2026-04-25 09:16:16,244 - INFO - 🟡 SANDBOX MODE DETECTED: Simulating local paper execution...
2026-04-25 09:16:16,244 - INFO - ✅ Simulated Basket Executed Successfully!
2026-04-25 09:16:16,254 - INFO - Entering live risk monitoring phase...
2026-04-25 09:16:16,255 - INFO - Initializing SDK WebSocket connection for live risk management...
2026-04-25 09:16:16,256 - INFO - WebSocket Connected! Streaming live market data...
2026-04-25 09:16:17,241 - INFO - Websocket connected
2026-04-25 09:17:18,325 - CRITICAL - ☠️ SILENT DEATH DETECTED: No WebSocket ticks received for 60 seconds! Forcing emergency exit.
2026-04-25 09:17:18,477 - CRITICAL - ☠️ WebSocket died for NIFTY. This is NOT a trading loss — attempting reconnection...
2026-04-25 09:17:18,477 - INFO - Cooling down for 30 seconds before reconnection attempt...
2026-04-25 09:17:48,504 - INFO - Deploying fresh Iron Butterfly for NIFTY...
2026-04-25 09:17:48,504 - INFO - Fetching live spot price for NIFTY...
2026-04-25 09:17:48,728 - INFO - Live Spot Price for NIFTY is: 23897.95
2026-04-25 09:17:48,729 - INFO - Fetching option chain for NIFTY expiring on 2026-04-28...
2026-04-25 09:17:49,170 - INFO - 📊 India VIX: 19.71
2026-04-25 09:17:49,171 - INFO - 📊 VIX Profile Selected: HIGH_VIX (VIX=19.71) → Wing δ=12, Target=25%
2026-04-25 09:17:49,172 - INFO - Calculating Iron Butterfly strikes & prices (Wing δ=12)...
2026-04-25 09:17:49,172 - INFO - Selecting protective wings via delta-based method (target δ=12)...
2026-04-25 09:17:49,172 - INFO -   Wing CE: Strike 24350.0, LTP ₹48.05 (via Premium Proxy, target δ=12)
2026-04-25 09:17:49,172 - INFO -   Wing PE: Strike 23500.0, LTP ₹41.90 (via Premium Proxy, target δ=12)
2026-04-25 09:17:49,172 - INFO - Selected Execution Legs: {'sell_ce': 'NSE_FO|72259', 'sell_pe': 'NSE_FO|72260', 'buy_ce': 'NSE_FO|72312', 'buy_pe': 'NSE_FO|72229'}
2026-04-25 09:17:49,172 - INFO - Target Entry Prices: {'sell_ce': 193.45, 'sell_pe': 161.2, 'buy_ce': 48.05, 'buy_pe': 41.9}
2026-04-25 09:17:49,172 - INFO - Selected Strikes: {'sell_ce': 23900, 'sell_pe': 23900, 'buy_ce': 24350.0, 'buy_pe': 23500.0}
2026-04-25 09:17:49,172 - INFO - Synchronizing with Live Exchange Quotes to bypass cached API data...
2026-04-25 09:17:49,388 - INFO - Absolute Real-Time Entry Prices: {'sell_ce': 193.45, 'sell_pe': 161.2, 'buy_ce': 48.05, 'buy_pe': 41.9}
2026-04-25 09:17:49,388 - INFO - 🟡 SANDBOX MODE DETECTED: Simulating local paper execution...
2026-04-25 09:17:49,388 - INFO - ✅ Simulated Basket Executed Successfully!
2026-04-25 09:17:49,398 - INFO - Entering live risk monitoring phase...
2026-04-25 09:17:49,398 - INFO - Initializing SDK WebSocket connection for live risk management...
2026-04-25 09:17:49,400 - INFO - WebSocket Connected! Streaming live market data...
2026-04-25 09:17:50,395 - INFO - Websocket connected
2026-04-25 09:18:51,467 - CRITICAL - ☠️ SILENT DEATH DETECTED: No WebSocket ticks received for 60 seconds! Forcing emergency exit.
2026-04-25 09:18:51,621 - CRITICAL - ☠️ WebSocket died for NIFTY. This is NOT a trading loss — attempting reconnection...
2026-04-25 09:18:51,621 - INFO - Cooling down for 30 seconds before reconnection attempt...
2026-04-25 09:19:21,639 - INFO - Deploying fresh Iron Butterfly for NIFTY...
2026-04-25 09:19:21,639 - INFO - Fetching live spot price for NIFTY...
2026-04-25 09:19:22,139 - INFO - Live Spot Price for NIFTY is: 23897.95
2026-04-25 09:19:22,140 - INFO - Fetching option chain for NIFTY expiring on 2026-04-28...
2026-04-25 09:19:22,641 - INFO - 📊 India VIX: 19.71
2026-04-25 09:19:22,642 - INFO - 📊 VIX Profile Selected: HIGH_VIX (VIX=19.71) → Wing δ=12, Target=25%
2026-04-25 09:19:22,642 - INFO - Calculating Iron Butterfly strikes & prices (Wing δ=12)...
2026-04-25 09:19:22,642 - INFO - Selecting protective wings via delta-based method (target δ=12)...
2026-04-25 09:19:22,643 - INFO -   Wing CE: Strike 24350.0, LTP ₹48.05 (via Premium Proxy, target δ=12)
2026-04-25 09:19:22,643 - INFO -   Wing PE: Strike 23500.0, LTP ₹41.90 (via Premium Proxy, target δ=12)
2026-04-25 09:19:22,643 - INFO - Selected Execution Legs: {'sell_ce': 'NSE_FO|72259', 'sell_pe': 'NSE_FO|72260', 'buy_ce': 'NSE_FO|72312', 'buy_pe': 'NSE_FO|72229'}
2026-04-25 09:19:22,643 - INFO - Target Entry Prices: {'sell_ce': 193.45, 'sell_pe': 161.2, 'buy_ce': 48.05, 'buy_pe': 41.9}
2026-04-25 09:19:22,643 - INFO - Selected Strikes: {'sell_ce': 23900, 'sell_pe': 23900, 'buy_ce': 24350.0, 'buy_pe': 23500.0}
2026-04-25 09:19:22,644 - INFO - Synchronizing with Live Exchange Quotes to bypass cached API data...
2026-04-25 09:19:22,842 - INFO - Absolute Real-Time Entry Prices: {'sell_ce': 193.45, 'sell_pe': 161.2, 'buy_ce': 48.05, 'buy_pe': 41.9}
2026-04-25 09:19:22,842 - INFO - 🟡 SANDBOX MODE DETECTED: Simulating local paper execution...
2026-04-25 09:19:22,843 - INFO - ✅ Simulated Basket Executed Successfully!
2026-04-25 09:19:22,854 - INFO - Entering live risk monitoring phase...
2026-04-25 09:19:22,854 - INFO - Initializing SDK WebSocket connection for live risk management...
2026-04-25 09:19:22,856 - INFO - WebSocket Connected! Streaming live market data...
2026-04-25 09:19:23,832 - INFO - Websocket connected
2026-04-25 09:20:24,924 - CRITICAL - ☠️ SILENT DEATH DETECTED: No WebSocket ticks received for 60 seconds! Forcing emergency exit.
2026-04-25 09:20:25,076 - CRITICAL - ☠️ WebSocket died for NIFTY. This is NOT a trading loss — attempting reconnection...
2026-04-25 09:20:25,076 - INFO - Cooling down for 30 seconds before reconnection attempt...
2026-04-25 09:20:55,106 - INFO - Deploying fresh Iron Butterfly for NIFTY...
2026-04-25 09:20:55,107 - INFO - Fetching live spot price for NIFTY...
2026-04-25 09:20:55,334 - INFO - Live Spot Price for NIFTY is: 23897.95
2026-04-25 09:20:55,335 - INFO - Fetching option chain for NIFTY expiring on 2026-04-28...
2026-04-25 09:20:55,947 - INFO - 📊 India VIX: 19.71
2026-04-25 09:20:55,948 - INFO - 📊 VIX Profile Selected: HIGH_VIX (VIX=19.71) → Wing δ=12, Target=25%
2026-04-25 09:20:55,949 - INFO - Calculating Iron Butterfly strikes & prices (Wing δ=12)...
2026-04-25 09:20:55,949 - INFO - Selecting protective wings via delta-based method (target δ=12)...
2026-04-25 09:20:55,949 - INFO -   Wing CE: Strike 24350.0, LTP ₹48.05 (via Premium Proxy, target δ=12)
2026-04-25 09:20:55,949 - INFO -   Wing PE: Strike 23500.0, LTP ₹41.90 (via Premium Proxy, target δ=12)
2026-04-25 09:20:55,949 - INFO - Selected Execution Legs: {'sell_ce': 'NSE_FO|72259', 'sell_pe': 'NSE_FO|72260', 'buy_ce': 'NSE_FO|72312', 'buy_pe': 'NSE_FO|72229'}
2026-04-25 09:20:55,949 - INFO - Target Entry Prices: {'sell_ce': 193.45, 'sell_pe': 161.2, 'buy_ce': 48.05, 'buy_pe': 41.9}
2026-04-25 09:20:55,949 - INFO - Selected Strikes: {'sell_ce': 23900, 'sell_pe': 23900, 'buy_ce': 24350.0, 'buy_pe': 23500.0}
2026-04-25 09:20:55,949 - INFO - Synchronizing with Live Exchange Quotes to bypass cached API data...
2026-04-25 09:20:56,176 - INFO - Absolute Real-Time Entry Prices: {'sell_ce': 193.45, 'sell_pe': 161.2, 'buy_ce': 48.05, 'buy_pe': 41.9}
2026-04-25 09:20:56,177 - INFO - 🟡 SANDBOX MODE DETECTED: Simulating local paper execution...
2026-04-25 09:20:56,177 - INFO - ✅ Simulated Basket Executed Successfully!
2026-04-25 09:20:56,186 - INFO - Entering live risk monitoring phase...
2026-04-25 09:20:56,187 - INFO - Initializing SDK WebSocket connection for live risk management...
2026-04-25 09:20:56,188 - INFO - WebSocket Connected! Streaming live market data...
2026-04-25 09:20:57,177 - INFO - Websocket connected
2026-04-25 09:21:58,257 - CRITICAL - ☠️ SILENT DEATH DETECTED: No WebSocket ticks received for 60 seconds! Forcing emergency exit.
2026-04-25 09:21:58,412 - CRITICAL - ☠️ WebSocket died for NIFTY. This is NOT a trading loss — attempting reconnection...
2026-04-25 09:21:58,412 - INFO - Cooling down for 30 seconds before reconnection attempt...
2026-04-25 09:22:28,429 - INFO - Deploying fresh Iron Butterfly for NIFTY...
2026-04-25 09:22:28,429 - INFO - Fetching live spot price for NIFTY...
2026-04-25 09:22:28,649 - INFO - Live Spot Price for NIFTY is: 23897.95
2026-04-25 09:22:28,650 - INFO - Fetching option chain for NIFTY expiring on 2026-04-28...
2026-04-25 09:22:29,543 - INFO - 📊 India VIX: 19.71
2026-04-25 09:22:29,545 - INFO - 📊 VIX Profile Selected: HIGH_VIX (VIX=19.71) → Wing δ=12, Target=25%
2026-04-25 09:22:29,545 - INFO - Calculating Iron Butterfly strikes & prices (Wing δ=12)...
2026-04-25 09:22:29,545 - INFO - Selecting protective wings via delta-based method (target δ=12)...
2026-04-25 09:22:29,545 - INFO -   Wing CE: Strike 24350.0, LTP ₹48.05 (via Premium Proxy, target δ=12)
2026-04-25 09:22:29,546 - INFO -   Wing PE: Strike 23500.0, LTP ₹41.90 (via Premium Proxy, target δ=12)
2026-04-25 09:22:29,546 - INFO - Selected Execution Legs: {'sell_ce': 'NSE_FO|72259', 'sell_pe': 'NSE_FO|72260', 'buy_ce': 'NSE_FO|72312', 'buy_pe': 'NSE_FO|72229'}
2026-04-25 09:22:29,546 - INFO - Target Entry Prices: {'sell_ce': 193.45, 'sell_pe': 161.2, 'buy_ce': 48.05, 'buy_pe': 41.9}
2026-04-25 09:22:29,546 - INFO - Selected Strikes: {'sell_ce': 23900, 'sell_pe': 23900, 'buy_ce': 24350.0, 'buy_pe': 23500.0}
2026-04-25 09:22:29,546 - INFO - Synchronizing with Live Exchange Quotes to bypass cached API data...
2026-04-25 09:22:29,750 - INFO - Absolute Real-Time Entry Prices: {'sell_ce': 193.45, 'sell_pe': 161.2, 'buy_ce': 48.05, 'buy_pe': 41.9}
2026-04-25 09:22:29,751 - INFO - 🟡 SANDBOX MODE DETECTED: Simulating local paper execution...
2026-04-25 09:22:29,751 - INFO - ✅ Simulated Basket Executed Successfully!
2026-04-25 09:22:29,761 - INFO - Entering live risk monitoring phase...
2026-04-25 09:22:29,762 - INFO - Initializing SDK WebSocket connection for live risk management...
2026-04-25 09:22:29,763 - INFO - WebSocket Connected! Streaming live market data...
2026-04-25 09:22:30,809 - INFO - Websocket connected
2026-04-25 09:23:31,831 - CRITICAL - ☠️ SILENT DEATH DETECTED: No WebSocket ticks received for 60 seconds! Forcing emergency exit.
2026-04-25 09:23:31,984 - CRITICAL - ☠️ WebSocket died for NIFTY. This is NOT a trading loss — attempting reconnection...
2026-04-25 09:23:31,984 - INFO - Cooling down for 30 seconds before reconnection attempt...
2026-04-25 09:24:02,014 - INFO - Deploying fresh Iron Butterfly for NIFTY...
2026-04-25 09:24:02,014 - INFO - Fetching live spot price for NIFTY...
2026-04-25 09:24:02,304 - INFO - Live Spot Price for NIFTY is: 23897.95
2026-04-25 09:24:02,305 - INFO - Fetching option chain for NIFTY expiring on 2026-04-28...
2026-04-25 09:24:02,920 - INFO - 📊 India VIX: 19.71
2026-04-25 09:24:02,922 - INFO - 📊 VIX Profile Selected: HIGH_VIX (VIX=19.71) → Wing δ=12, Target=25%
2026-04-25 09:24:02,922 - INFO - Calculating Iron Butterfly strikes & prices (Wing δ=12)...
2026-04-25 09:24:02,923 - INFO - Selecting protective wings via delta-based method (target δ=12)...
2026-04-25 09:24:02,923 - INFO -   Wing CE: Strike 24350.0, LTP ₹48.05 (via Premium Proxy, target δ=12)
2026-04-25 09:24:02,923 - INFO -   Wing PE: Strike 23500.0, LTP ₹41.90 (via Premium Proxy, target δ=12)
2026-04-25 09:24:02,923 - INFO - Selected Execution Legs: {'sell_ce': 'NSE_FO|72259', 'sell_pe': 'NSE_FO|72260', 'buy_ce': 'NSE_FO|72312', 'buy_pe': 'NSE_FO|72229'}
2026-04-25 09:24:02,923 - INFO - Target Entry Prices: {'sell_ce': 193.45, 'sell_pe': 161.2, 'buy_ce': 48.05, 'buy_pe': 41.9}
2026-04-25 09:24:02,923 - INFO - Selected Strikes: {'sell_ce': 23900, 'sell_pe': 23900, 'buy_ce': 24350.0, 'buy_pe': 23500.0}
2026-04-25 09:24:02,923 - INFO - Synchronizing with Live Exchange Quotes to bypass cached API data...
2026-04-25 09:24:03,147 - INFO - Absolute Real-Time Entry Prices: {'sell_ce': 193.45, 'sell_pe': 161.2, 'buy_ce': 48.05, 'buy_pe': 41.9}
2026-04-25 09:24:03,148 - INFO - 🟡 SANDBOX MODE DETECTED: Simulating local paper execution...
2026-04-25 09:24:03,148 - INFO - ✅ Simulated Basket Executed Successfully!
2026-04-25 09:24:03,158 - INFO - Entering live risk monitoring phase...
2026-04-25 09:24:03,158 - INFO - Initializing SDK WebSocket connection for live risk management...
2026-04-25 09:24:03,159 - INFO - WebSocket Connected! Streaming live market data...
2026-04-25 09:24:04,168 - INFO - Websocket connected
2026-04-25 09:25:05,226 - CRITICAL - ☠️ SILENT DEATH DETECTED: No WebSocket ticks received for 60 seconds! Forcing emergency exit.
2026-04-25 09:25:05,380 - CRITICAL - ☠️ WebSocket died for NIFTY. This is NOT a trading loss — attempting reconnection...
2026-04-25 09:25:05,380 - INFO - Cooling down for 30 seconds before reconnection attempt...
2026-04-25 09:25:35,410 - INFO - Deploying fresh Iron Butterfly for NIFTY...
2026-04-25 09:25:35,410 - INFO - Fetching live spot price for NIFTY...
2026-04-25 09:25:35,925 - INFO - Live Spot Price for NIFTY is: 23897.95
2026-04-25 09:25:35,926 - INFO - Fetching option chain for NIFTY expiring on 2026-04-28...
2026-04-25 09:25:36,506 - INFO - 📊 India VIX: 19.71
2026-04-25 09:25:36,507 - INFO - 📊 VIX Profile Selected: HIGH_VIX (VIX=19.71) → Wing δ=12, Target=25%
2026-04-25 09:25:36,508 - INFO - Calculating Iron Butterfly strikes & prices (Wing δ=12)...
2026-04-25 09:25:36,508 - INFO - Selecting protective wings via delta-based method (target δ=12)...
2026-04-25 09:25:36,508 - INFO -   Wing CE: Strike 24350.0, LTP ₹48.05 (via Premium Proxy, target δ=12)
2026-04-25 09:25:36,508 - INFO -   Wing PE: Strike 23500.0, LTP ₹41.90 (via Premium Proxy, target δ=12)
2026-04-25 09:25:36,508 - INFO - Selected Execution Legs: {'sell_ce': 'NSE_FO|72259', 'sell_pe': 'NSE_FO|72260', 'buy_ce': 'NSE_FO|72312', 'buy_pe': 'NSE_FO|72229'}
2026-04-25 09:25:36,508 - INFO - Target Entry Prices: {'sell_ce': 193.45, 'sell_pe': 161.2, 'buy_ce': 48.05, 'buy_pe': 41.9}
2026-04-25 09:25:36,509 - INFO - Selected Strikes: {'sell_ce': 23900, 'sell_pe': 23900, 'buy_ce': 24350.0, 'buy_pe': 23500.0}
2026-04-25 09:25:36,509 - INFO - Synchronizing with Live Exchange Quotes to bypass cached API data...
2026-04-25 09:25:36,832 - INFO - Absolute Real-Time Entry Prices: {'sell_ce': 193.45, 'sell_pe': 161.2, 'buy_ce': 48.05, 'buy_pe': 41.9}
2026-04-25 09:25:36,832 - INFO - 🟡 SANDBOX MODE DETECTED: Simulating local paper execution...
2026-04-25 09:25:36,832 - INFO - ✅ Simulated Basket Executed Successfully!
2026-04-25 09:25:36,842 - INFO - Entering live risk monitoring phase...
2026-04-25 09:25:36,842 - INFO - Initializing SDK WebSocket connection for live risk management...
2026-04-25 09:25:36,844 - INFO - WebSocket Connected! Streaming live market data...
2026-04-25 09:25:37,858 - INFO - Websocket connected
2026-04-25 09:26:38,911 - CRITICAL - ☠️ SILENT DEATH DETECTED: No WebSocket ticks received for 60 seconds! Forcing emergency exit.
2026-04-25 09:26:39,062 - CRITICAL - ☠️ WebSocket died for NIFTY. This is NOT a trading loss — attempting reconnection...
2026-04-25 09:26:39,062 - INFO - Cooling down for 30 seconds before reconnection attempt...
2026-04-25 09:27:09,089 - INFO - Deploying fresh Iron Butterfly for NIFTY...
2026-04-25 09:27:09,089 - INFO - Fetching live spot price for NIFTY...
2026-04-25 09:27:09,326 - INFO - Live Spot Price for NIFTY is: 23897.95
2026-04-25 09:27:09,327 - INFO - Fetching option chain for NIFTY expiring on 2026-04-28...
2026-04-25 09:27:09,836 - INFO - 📊 India VIX: 19.71
2026-04-25 09:27:09,837 - INFO - 📊 VIX Profile Selected: HIGH_VIX (VIX=19.71) → Wing δ=12, Target=25%
2026-04-25 09:27:09,838 - INFO - Calculating Iron Butterfly strikes & prices (Wing δ=12)...
2026-04-25 09:27:09,838 - INFO - Selecting protective wings via delta-based method (target δ=12)...
2026-04-25 09:27:09,838 - INFO -   Wing CE: Strike 24350.0, LTP ₹48.05 (via Premium Proxy, target δ=12)
2026-04-25 09:27:09,839 - INFO -   Wing PE: Strike 23500.0, LTP ₹41.90 (via Premium Proxy, target δ=12)
2026-04-25 09:27:09,839 - INFO - Selected Execution Legs: {'sell_ce': 'NSE_FO|72259', 'sell_pe': 'NSE_FO|72260', 'buy_ce': 'NSE_FO|72312', 'buy_pe': 'NSE_FO|72229'}
2026-04-25 09:27:09,839 - INFO - Target Entry Prices: {'sell_ce': 193.45, 'sell_pe': 161.2, 'buy_ce': 48.05, 'buy_pe': 41.9}
2026-04-25 09:27:09,839 - INFO - Selected Strikes: {'sell_ce': 23900, 'sell_pe': 23900, 'buy_ce': 24350.0, 'buy_pe': 23500.0}
2026-04-25 09:27:09,839 - INFO - Synchronizing with Live Exchange Quotes to bypass cached API data...
2026-04-25 09:27:10,035 - INFO - Absolute Real-Time Entry Prices: {'sell_ce': 193.45, 'sell_pe': 161.2, 'buy_ce': 48.05, 'buy_pe': 41.9}
2026-04-25 09:27:10,035 - INFO - 🟡 SANDBOX MODE DETECTED: Simulating local paper execution...
2026-04-25 09:27:10,035 - INFO - ✅ Simulated Basket Executed Successfully!
2026-04-25 09:27:10,046 - INFO - Entering live risk monitoring phase...
2026-04-25 09:27:10,047 - INFO - Initializing SDK WebSocket connection for live risk management...
2026-04-25 09:27:10,048 - INFO - WebSocket Connected! Streaming live market data...
2026-04-25 09:27:11,055 - INFO - Websocket connected
2026-04-25 09:28:12,116 - CRITICAL - ☠️ SILENT DEATH DETECTED: No WebSocket ticks received for 60 seconds! Forcing emergency exit.
2026-04-25 09:28:12,269 - CRITICAL - ☠️ WebSocket died for NIFTY. This is NOT a trading loss — attempting reconnection...
2026-04-25 09:28:12,269 - INFO - Cooling down for 30 seconds before reconnection attempt...
2026-04-25 09:28:42,299 - INFO - Deploying fresh Iron Butterfly for NIFTY...
2026-04-25 09:28:42,300 - INFO - Fetching live spot price for NIFTY...
2026-04-25 09:28:42,531 - INFO - Live Spot Price for NIFTY is: 23897.95
2026-04-25 09:28:42,532 - INFO - Fetching option chain for NIFTY expiring on 2026-04-28...
2026-04-25 09:28:43,050 - INFO - 📊 India VIX: 19.71
2026-04-25 09:28:43,051 - INFO - 📊 VIX Profile Selected: HIGH_VIX (VIX=19.71) → Wing δ=12, Target=25%
2026-04-25 09:28:43,052 - INFO - Calculating Iron Butterfly strikes & prices (Wing δ=12)...
2026-04-25 09:28:43,052 - INFO - Selecting protective wings via delta-based method (target δ=12)...
2026-04-25 09:28:43,052 - INFO -   Wing CE: Strike 24350.0, LTP ₹48.05 (via Premium Proxy, target δ=12)
2026-04-25 09:28:43,052 - INFO -   Wing PE: Strike 23500.0, LTP ₹41.90 (via Premium Proxy, target δ=12)
2026-04-25 09:28:43,052 - INFO - Selected Execution Legs: {'sell_ce': 'NSE_FO|72259', 'sell_pe': 'NSE_FO|72260', 'buy_ce': 'NSE_FO|72312', 'buy_pe': 'NSE_FO|72229'}
2026-04-25 09:28:43,052 - INFO - Target Entry Prices: {'sell_ce': 193.45, 'sell_pe': 161.2, 'buy_ce': 48.05, 'buy_pe': 41.9}
2026-04-25 09:28:43,053 - INFO - Selected Strikes: {'sell_ce': 23900, 'sell_pe': 23900, 'buy_ce': 24350.0, 'buy_pe': 23500.0}
2026-04-25 09:28:43,053 - INFO - Synchronizing with Live Exchange Quotes to bypass cached API data...
2026-04-25 09:28:43,264 - INFO - Absolute Real-Time Entry Prices: {'sell_ce': 193.45, 'sell_pe': 161.2, 'buy_ce': 48.05, 'buy_pe': 41.9}
2026-04-25 09:28:43,265 - INFO - 🟡 SANDBOX MODE DETECTED: Simulating local paper execution...
2026-04-25 09:28:43,265 - INFO - ✅ Simulated Basket Executed Successfully!
2026-04-25 09:28:43,275 - INFO - Entering live risk monitoring phase...
2026-04-25 09:28:43,276 - INFO - Initializing SDK WebSocket connection for live risk management...
2026-04-25 09:28:43,277 - INFO - WebSocket Connected! Streaming live market data...
2026-04-25 09:28:44,286 - INFO - Websocket connected
2026-04-25 09:29:45,345 - CRITICAL - ☠️ SILENT DEATH DETECTED: No WebSocket ticks received for 60 seconds! Forcing emergency exit.
2026-04-25 09:29:45,497 - CRITICAL - ☠️ WebSocket died for NIFTY. This is NOT a trading loss — attempting reconnection...
2026-04-25 09:29:45,497 - INFO - Cooling down for 30 seconds before reconnection attempt...
2026-04-25 09:30:15,527 - INFO - Deploying fresh Iron Butterfly for NIFTY...
2026-04-25 09:30:15,527 - INFO - Fetching live spot price for NIFTY...
2026-04-25 09:30:15,728 - INFO - Live Spot Price for NIFTY is: 23897.95
2026-04-25 09:30:15,730 - INFO - Fetching option chain for NIFTY expiring on 2026-04-28...
2026-04-25 09:30:16,303 - INFO - 📊 India VIX: 19.71
2026-04-25 09:30:16,304 - INFO - 📊 VIX Profile Selected: HIGH_VIX (VIX=19.71) → Wing δ=12, Target=25%
2026-04-25 09:30:16,304 - INFO - Calculating Iron Butterfly strikes & prices (Wing δ=12)...
2026-04-25 09:30:16,304 - INFO - Selecting protective wings via delta-based method (target δ=12)...
2026-04-25 09:30:16,305 - INFO -   Wing CE: Strike 24350.0, LTP ₹48.05 (via Premium Proxy, target δ=12)
2026-04-25 09:30:16,305 - INFO -   Wing PE: Strike 23500.0, LTP ₹41.90 (via Premium Proxy, target δ=12)
2026-04-25 09:30:16,305 - INFO - Selected Execution Legs: {'sell_ce': 'NSE_FO|72259', 'sell_pe': 'NSE_FO|72260', 'buy_ce': 'NSE_FO|72312', 'buy_pe': 'NSE_FO|72229'}
2026-04-25 09:30:16,305 - INFO - Target Entry Prices: {'sell_ce': 193.45, 'sell_pe': 161.2, 'buy_ce': 48.05, 'buy_pe': 41.9}
2026-04-25 09:30:16,305 - INFO - Selected Strikes: {'sell_ce': 23900, 'sell_pe': 23900, 'buy_ce': 24350.0, 'buy_pe': 23500.0}
2026-04-25 09:30:16,305 - INFO - Synchronizing with Live Exchange Quotes to bypass cached API data...
2026-04-25 09:30:16,509 - INFO - Absolute Real-Time Entry Prices: {'sell_ce': 193.45, 'sell_pe': 161.2, 'buy_ce': 48.05, 'buy_pe': 41.9}
2026-04-25 09:30:16,509 - INFO - 🟡 SANDBOX MODE DETECTED: Simulating local paper execution...
2026-04-25 09:30:16,510 - INFO - ✅ Simulated Basket Executed Successfully!
2026-04-25 09:30:16,519 - INFO - Entering live risk monitoring phase...
2026-04-25 09:30:16,519 - INFO - Initializing SDK WebSocket connection for live risk management...
2026-04-25 09:30:16,521 - INFO - WebSocket Connected! Streaming live market data...
2026-04-25 09:30:17,647 - INFO - Websocket connected
2026-04-25 09:31:18,590 - CRITICAL - ☠️ SILENT DEATH DETECTED: No WebSocket ticks received for 60 seconds! Forcing emergency exit.
2026-04-25 09:31:18,742 - CRITICAL - ☠️ WebSocket died for NIFTY. This is NOT a trading loss — attempting reconnection...
2026-04-25 09:31:18,742 - INFO - Cooling down for 30 seconds before reconnection attempt...
2026-04-25 09:31:48,772 - INFO - Deploying fresh Iron Butterfly for NIFTY...
2026-04-25 09:31:48,772 - INFO - Fetching live spot price for NIFTY...
2026-04-25 09:31:48,994 - INFO - Live Spot Price for NIFTY is: 23897.95
2026-04-25 09:31:48,995 - INFO - Fetching option chain for NIFTY expiring on 2026-04-28...
2026-04-25 09:31:49,580 - INFO - 📊 India VIX: 19.71
2026-04-25 09:31:49,581 - INFO - 📊 VIX Profile Selected: HIGH_VIX (VIX=19.71) → Wing δ=12, Target=25%
2026-04-25 09:31:49,581 - INFO - Calculating Iron Butterfly strikes & prices (Wing δ=12)...
2026-04-25 09:31:49,581 - INFO - Selecting protective wings via delta-based method (target δ=12)...
2026-04-25 09:31:49,582 - INFO -   Wing CE: Strike 24350.0, LTP ₹48.05 (via Premium Proxy, target δ=12)
2026-04-25 09:31:49,582 - INFO -   Wing PE: Strike 23500.0, LTP ₹41.90 (via Premium Proxy, target δ=12)
2026-04-25 09:31:49,582 - INFO - Selected Execution Legs: {'sell_ce': 'NSE_FO|72259', 'sell_pe': 'NSE_FO|72260', 'buy_ce': 'NSE_FO|72312', 'buy_pe': 'NSE_FO|72229'}
2026-04-25 09:31:49,582 - INFO - Target Entry Prices: {'sell_ce': 193.45, 'sell_pe': 161.2, 'buy_ce': 48.05, 'buy_pe': 41.9}
2026-04-25 09:31:49,582 - INFO - Selected Strikes: {'sell_ce': 23900, 'sell_pe': 23900, 'buy_ce': 24350.0, 'buy_pe': 23500.0}
2026-04-25 09:31:49,582 - INFO - Synchronizing with Live Exchange Quotes to bypass cached API data...
2026-04-25 09:31:49,784 - INFO - Absolute Real-Time Entry Prices: {'sell_ce': 193.45, 'sell_pe': 161.2, 'buy_ce': 48.05, 'buy_pe': 41.9}
2026-04-25 09:31:49,785 - INFO - 🟡 SANDBOX MODE DETECTED: Simulating local paper execution...
2026-04-25 09:31:49,785 - INFO - ✅ Simulated Basket Executed Successfully!
2026-04-25 09:31:49,794 - INFO - Entering live risk monitoring phase...
2026-04-25 09:31:49,795 - INFO - Initializing SDK WebSocket connection for live risk management...
2026-04-25 09:31:49,796 - INFO - WebSocket Connected! Streaming live market data...
2026-04-25 09:31:50,793 - INFO - Websocket connected
2026-04-25 09:32:51,865 - CRITICAL - ☠️ SILENT DEATH DETECTED: No WebSocket ticks received for 60 seconds! Forcing emergency exit.
2026-04-25 09:32:52,020 - CRITICAL - ☠️ WebSocket died for NIFTY. This is NOT a trading loss — attempting reconnection...
2026-04-25 09:32:52,020 - INFO - Cooling down for 30 seconds before reconnection attempt...
2026-04-25 09:33:22,050 - INFO - Deploying fresh Iron Butterfly for NIFTY...
2026-04-25 09:33:22,050 - INFO - Fetching live spot price for NIFTY...
2026-04-25 09:33:22,370 - INFO - Live Spot Price for NIFTY is: 23897.95
2026-04-25 09:33:22,371 - INFO - Fetching option chain for NIFTY expiring on 2026-04-28...
2026-04-25 09:33:22,955 - INFO - 📊 India VIX: 19.71
2026-04-25 09:33:22,956 - INFO - 📊 VIX Profile Selected: HIGH_VIX (VIX=19.71) → Wing δ=12, Target=25%
2026-04-25 09:33:22,957 - INFO - Calculating Iron Butterfly strikes & prices (Wing δ=12)...
2026-04-25 09:33:22,957 - INFO - Selecting protective wings via delta-based method (target δ=12)...
2026-04-25 09:33:22,957 - INFO -   Wing CE: Strike 24350.0, LTP ₹48.05 (via Premium Proxy, target δ=12)
2026-04-25 09:33:22,957 - INFO -   Wing PE: Strike 23500.0, LTP ₹41.90 (via Premium Proxy, target δ=12)
2026-04-25 09:33:22,957 - INFO - Selected Execution Legs: {'sell_ce': 'NSE_FO|72259', 'sell_pe': 'NSE_FO|72260', 'buy_ce': 'NSE_FO|72312', 'buy_pe': 'NSE_FO|72229'}
2026-04-25 09:33:22,957 - INFO - Target Entry Prices: {'sell_ce': 193.45, 'sell_pe': 161.2, 'buy_ce': 48.05, 'buy_pe': 41.9}
2026-04-25 09:33:22,957 - INFO - Selected Strikes: {'sell_ce': 23900, 'sell_pe': 23900, 'buy_ce': 24350.0, 'buy_pe': 23500.0}
2026-04-25 09:33:22,958 - INFO - Synchronizing with Live Exchange Quotes to bypass cached API data...
2026-04-25 09:33:23,458 - INFO - Absolute Real-Time Entry Prices: {'sell_ce': 193.45, 'sell_pe': 161.2, 'buy_ce': 48.05, 'buy_pe': 41.9}
2026-04-25 09:33:23,459 - INFO - 🟡 SANDBOX MODE DETECTED: Simulating local paper execution...
2026-04-25 09:33:23,459 - INFO - ✅ Simulated Basket Executed Successfully!
2026-04-25 09:33:23,469 - INFO - Entering live risk monitoring phase...
2026-04-25 09:33:23,469 - INFO - Initializing SDK WebSocket connection for live risk management...
2026-04-25 09:33:23,470 - INFO - WebSocket Connected! Streaming live market data...
2026-04-25 09:33:24,471 - INFO - Websocket connected
2026-04-25 09:34:25,538 - CRITICAL - ☠️ SILENT DEATH DETECTED: No WebSocket ticks received for 60 seconds! Forcing emergency exit.
2026-04-25 09:34:25,691 - CRITICAL - ☠️ WebSocket died for NIFTY. This is NOT a trading loss — attempting reconnection...
2026-04-25 09:34:25,691 - INFO - Cooling down for 30 seconds before reconnection attempt...
2026-04-25 09:34:55,719 - INFO - Deploying fresh Iron Butterfly for NIFTY...
2026-04-25 09:34:55,719 - INFO - Fetching live spot price for NIFTY...
2026-04-25 09:34:55,955 - INFO - Live Spot Price for NIFTY is: 23897.95
2026-04-25 09:34:55,956 - INFO - Fetching option chain for NIFTY expiring on 2026-04-28...
2026-04-25 09:34:56,552 - INFO - 📊 India VIX: 19.71
2026-04-25 09:34:56,553 - INFO - 📊 VIX Profile Selected: HIGH_VIX (VIX=19.71) → Wing δ=12, Target=25%
2026-04-25 09:34:56,554 - INFO - Calculating Iron Butterfly strikes & prices (Wing δ=12)...
2026-04-25 09:34:56,554 - INFO - Selecting protective wings via delta-based method (target δ=12)...
2026-04-25 09:34:56,554 - INFO -   Wing CE: Strike 24350.0, LTP ₹48.05 (via Premium Proxy, target δ=12)
2026-04-25 09:34:56,554 - INFO -   Wing PE: Strike 23500.0, LTP ₹41.90 (via Premium Proxy, target δ=12)
2026-04-25 09:34:56,554 - INFO - Selected Execution Legs: {'sell_ce': 'NSE_FO|72259', 'sell_pe': 'NSE_FO|72260', 'buy_ce': 'NSE_FO|72312', 'buy_pe': 'NSE_FO|72229'}
2026-04-25 09:34:56,554 - INFO - Target Entry Prices: {'sell_ce': 193.45, 'sell_pe': 161.2, 'buy_ce': 48.05, 'buy_pe': 41.9}
2026-04-25 09:34:56,555 - INFO - Selected Strikes: {'sell_ce': 23900, 'sell_pe': 23900, 'buy_ce': 24350.0, 'buy_pe': 23500.0}
2026-04-25 09:34:56,555 - INFO - Synchronizing with Live Exchange Quotes to bypass cached API data...
2026-04-25 09:34:56,752 - INFO - Absolute Real-Time Entry Prices: {'sell_ce': 193.45, 'sell_pe': 161.2, 'buy_ce': 48.05, 'buy_pe': 41.9}
2026-04-25 09:34:56,752 - INFO - 🟡 SANDBOX MODE DETECTED: Simulating local paper execution...
2026-04-25 09:34:56,752 - INFO - ✅ Simulated Basket Executed Successfully!
2026-04-25 09:34:56,763 - INFO - Entering live risk monitoring phase...
2026-04-25 09:34:56,763 - INFO - Initializing SDK WebSocket connection for live risk management...
2026-04-25 09:34:56,764 - INFO - WebSocket Connected! Streaming live market data...
2026-04-25 09:34:57,754 - INFO - Websocket connected
2026-04-25 09:35:58,832 - CRITICAL - ☠️ SILENT DEATH DETECTED: No WebSocket ticks received for 60 seconds! Forcing emergency exit.
2026-04-25 09:35:58,985 - CRITICAL - ☠️ WebSocket died for NIFTY. This is NOT a trading loss — attempting reconnection...
2026-04-25 09:35:58,986 - INFO - Cooling down for 30 seconds before reconnection attempt...
2026-04-25 09:36:28,999 - INFO - Deploying fresh Iron Butterfly for NIFTY...
2026-04-25 09:36:28,999 - INFO - Fetching live spot price for NIFTY...
2026-04-25 09:36:29,211 - INFO - Live Spot Price for NIFTY is: 23897.95
2026-04-25 09:36:29,212 - INFO - Fetching option chain for NIFTY expiring on 2026-04-28...
2026-04-25 09:36:29,824 - INFO - 📊 India VIX: 19.71
2026-04-25 09:36:29,825 - INFO - 📊 VIX Profile Selected: HIGH_VIX (VIX=19.71) → Wing δ=12, Target=25%
2026-04-25 09:36:29,825 - INFO - Calculating Iron Butterfly strikes & prices (Wing δ=12)...
2026-04-25 09:36:29,826 - INFO - Selecting protective wings via delta-based method (target δ=12)...
2026-04-25 09:36:29,826 - INFO -   Wing CE: Strike 24350.0, LTP ₹48.05 (via Premium Proxy, target δ=12)
2026-04-25 09:36:29,826 - INFO -   Wing PE: Strike 23500.0, LTP ₹41.90 (via Premium Proxy, target δ=12)
2026-04-25 09:36:29,826 - INFO - Selected Execution Legs: {'sell_ce': 'NSE_FO|72259', 'sell_pe': 'NSE_FO|72260', 'buy_ce': 'NSE_FO|72312', 'buy_pe': 'NSE_FO|72229'}
2026-04-25 09:36:29,826 - INFO - Target Entry Prices: {'sell_ce': 193.45, 'sell_pe': 161.2, 'buy_ce': 48.05, 'buy_pe': 41.9}
2026-04-25 09:36:29,826 - INFO - Selected Strikes: {'sell_ce': 23900, 'sell_pe': 23900, 'buy_ce': 24350.0, 'buy_pe': 23500.0}
2026-04-25 09:36:29,826 - INFO - Synchronizing with Live Exchange Quotes to bypass cached API data...
2026-04-25 09:36:30,017 - INFO - Absolute Real-Time Entry Prices: {'sell_ce': 193.45, 'sell_pe': 161.2, 'buy_ce': 48.05, 'buy_pe': 41.9}
2026-04-25 09:36:30,018 - INFO - 🟡 SANDBOX MODE DETECTED: Simulating local paper execution...
2026-04-25 09:36:30,018 - INFO - ✅ Simulated Basket Executed Successfully!
2026-04-25 09:36:30,027 - INFO - Entering live risk monitoring phase...
2026-04-25 09:36:30,028 - INFO - Initializing SDK WebSocket connection for live risk management...
2026-04-25 09:36:30,029 - INFO - WebSocket Connected! Streaming live market data...
2026-04-25 09:36:31,032 - INFO - Websocket connected
2026-04-25 09:37:32,098 - CRITICAL - ☠️ SILENT DEATH DETECTED: No WebSocket ticks received for 60 seconds! Forcing emergency exit.
2026-04-25 09:37:32,250 - CRITICAL - ☠️ WebSocket died for NIFTY. This is NOT a trading loss — attempting reconnection...
2026-04-25 09:37:32,250 - INFO - Cooling down for 30 seconds before reconnection attempt...
2026-04-25 09:38:02,279 - INFO - Deploying fresh Iron Butterfly for NIFTY...
2026-04-25 09:38:02,279 - INFO - Fetching live spot price for NIFTY...
2026-04-25 09:38:02,498 - INFO - Live Spot Price for NIFTY is: 23897.95
2026-04-25 09:38:02,500 - INFO - Fetching option chain for NIFTY expiring on 2026-04-28...
2026-04-25 09:38:03,074 - INFO - 📊 India VIX: 19.71
2026-04-25 09:38:03,075 - INFO - 📊 VIX Profile Selected: HIGH_VIX (VIX=19.71) → Wing δ=12, Target=25%
2026-04-25 09:38:03,075 - INFO - Calculating Iron Butterfly strikes & prices (Wing δ=12)...
2026-04-25 09:38:03,076 - INFO - Selecting protective wings via delta-based method (target δ=12)...
2026-04-25 09:38:03,076 - INFO -   Wing CE: Strike 24350.0, LTP ₹48.05 (via Premium Proxy, target δ=12)
2026-04-25 09:38:03,076 - INFO -   Wing PE: Strike 23500.0, LTP ₹41.90 (via Premium Proxy, target δ=12)
2026-04-25 09:38:03,076 - INFO - Selected Execution Legs: {'sell_ce': 'NSE_FO|72259', 'sell_pe': 'NSE_FO|72260', 'buy_ce': 'NSE_FO|72312', 'buy_pe': 'NSE_FO|72229'}
2026-04-25 09:38:03,076 - INFO - Target Entry Prices: {'sell_ce': 193.45, 'sell_pe': 161.2, 'buy_ce': 48.05, 'buy_pe': 41.9}
2026-04-25 09:38:03,076 - INFO - Selected Strikes: {'sell_ce': 23900, 'sell_pe': 23900, 'buy_ce': 24350.0, 'buy_pe': 23500.0}
2026-04-25 09:38:03,076 - INFO - Synchronizing with Live Exchange Quotes to bypass cached API data...
2026-04-25 09:38:03,301 - INFO - Absolute Real-Time Entry Prices: {'sell_ce': 193.45, 'sell_pe': 161.2, 'buy_ce': 48.05, 'buy_pe': 41.9}
2026-04-25 09:38:03,302 - INFO - 🟡 SANDBOX MODE DETECTED: Simulating local paper execution...
2026-04-25 09:38:03,302 - INFO - ✅ Simulated Basket Executed Successfully!
2026-04-25 09:38:03,312 - INFO - Entering live risk monitoring phase...
2026-04-25 09:38:03,312 - INFO - Initializing SDK WebSocket connection for live risk management...
2026-04-25 09:38:03,314 - INFO - WebSocket Connected! Streaming live market data...
2026-04-25 09:38:04,299 - INFO - Websocket connected
2026-04-25 09:39:05,382 - CRITICAL - ☠️ SILENT DEATH DETECTED: No WebSocket ticks received for 60 seconds! Forcing emergency exit.
2026-04-25 09:39:05,536 - CRITICAL - ☠️ WebSocket died for NIFTY. This is NOT a trading loss — attempting reconnection...
2026-04-25 09:39:05,536 - INFO - Cooling down for 30 seconds before reconnection attempt...
2026-04-25 09:39:35,566 - INFO - Deploying fresh Iron Butterfly for NIFTY...
2026-04-25 09:39:35,566 - INFO - Fetching live spot price for NIFTY...
2026-04-25 09:39:35,791 - INFO - Live Spot Price for NIFTY is: 23897.95
2026-04-25 09:39:35,792 - INFO - Fetching option chain for NIFTY expiring on 2026-04-28...
2026-04-25 09:39:36,286 - INFO - 📊 India VIX: 19.71
2026-04-25 09:39:36,287 - INFO - 📊 VIX Profile Selected: HIGH_VIX (VIX=19.71) → Wing δ=12, Target=25%
2026-04-25 09:39:36,287 - INFO - Calculating Iron Butterfly strikes & prices (Wing δ=12)...
2026-04-25 09:39:36,288 - INFO - Selecting protective wings via delta-based method (target δ=12)...
2026-04-25 09:39:36,288 - INFO -   Wing CE: Strike 24350.0, LTP ₹48.05 (via Premium Proxy, target δ=12)
2026-04-25 09:39:36,288 - INFO -   Wing PE: Strike 23500.0, LTP ₹41.90 (via Premium Proxy, target δ=12)
2026-04-25 09:39:36,288 - INFO - Selected Execution Legs: {'sell_ce': 'NSE_FO|72259', 'sell_pe': 'NSE_FO|72260', 'buy_ce': 'NSE_FO|72312', 'buy_pe': 'NSE_FO|72229'}
2026-04-25 09:39:36,288 - INFO - Target Entry Prices: {'sell_ce': 193.45, 'sell_pe': 161.2, 'buy_ce': 48.05, 'buy_pe': 41.9}
2026-04-25 09:39:36,288 - INFO - Selected Strikes: {'sell_ce': 23900, 'sell_pe': 23900, 'buy_ce': 24350.0, 'buy_pe': 23500.0}
2026-04-25 09:39:36,288 - INFO - Synchronizing with Live Exchange Quotes to bypass cached API data...
2026-04-25 09:39:36,510 - INFO - Absolute Real-Time Entry Prices: {'sell_ce': 193.45, 'sell_pe': 161.2, 'buy_ce': 48.05, 'buy_pe': 41.9}
2026-04-25 09:39:36,511 - INFO - 🟡 SANDBOX MODE DETECTED: Simulating local paper execution...
2026-04-25 09:39:36,511 - INFO - ✅ Simulated Basket Executed Successfully!
2026-04-25 09:39:36,521 - INFO - Entering live risk monitoring phase...
2026-04-25 09:39:36,521 - INFO - Initializing SDK WebSocket connection for live risk management...
2026-04-25 09:39:36,522 - INFO - WebSocket Connected! Streaming live market data...
2026-04-25 09:39:37,547 - INFO - Websocket connected
2026-04-25 09:40:38,590 - CRITICAL - ☠️ SILENT DEATH DETECTED: No WebSocket ticks received for 60 seconds! Forcing emergency exit.
2026-04-25 09:40:38,742 - CRITICAL - ☠️ WebSocket died for NIFTY. This is NOT a trading loss — attempting reconnection...
2026-04-25 09:40:38,742 - INFO - Cooling down for 30 seconds before reconnection attempt...
2026-04-25 09:41:08,759 - INFO - Deploying fresh Iron Butterfly for NIFTY...
2026-04-25 09:41:08,759 - INFO - Fetching live spot price for NIFTY...
2026-04-25 09:41:08,965 - INFO - Live Spot Price for NIFTY is: 23897.95
2026-04-25 09:41:08,966 - INFO - Fetching option chain for NIFTY expiring on 2026-04-28...
2026-04-25 09:41:09,533 - INFO - 📊 India VIX: 19.71
2026-04-25 09:41:09,535 - INFO - 📊 VIX Profile Selected: HIGH_VIX (VIX=19.71) → Wing δ=12, Target=25%
2026-04-25 09:41:09,535 - INFO - Calculating Iron Butterfly strikes & prices (Wing δ=12)...
2026-04-25 09:41:09,535 - INFO - Selecting protective wings via delta-based method (target δ=12)...
2026-04-25 09:41:09,535 - INFO -   Wing CE: Strike 24350.0, LTP ₹48.05 (via Premium Proxy, target δ=12)
2026-04-25 09:41:09,536 - INFO -   Wing PE: Strike 23500.0, LTP ₹41.90 (via Premium Proxy, target δ=12)
2026-04-25 09:41:09,536 - INFO - Selected Execution Legs: {'sell_ce': 'NSE_FO|72259', 'sell_pe': 'NSE_FO|72260', 'buy_ce': 'NSE_FO|72312', 'buy_pe': 'NSE_FO|72229'}
2026-04-25 09:41:09,536 - INFO - Target Entry Prices: {'sell_ce': 193.45, 'sell_pe': 161.2, 'buy_ce': 48.05, 'buy_pe': 41.9}
2026-04-25 09:41:09,536 - INFO - Selected Strikes: {'sell_ce': 23900, 'sell_pe': 23900, 'buy_ce': 24350.0, 'buy_pe': 23500.0}
2026-04-25 09:41:09,536 - INFO - Synchronizing with Live Exchange Quotes to bypass cached API data...
2026-04-25 09:41:09,732 - INFO - Absolute Real-Time Entry Prices: {'sell_ce': 193.45, 'sell_pe': 161.2, 'buy_ce': 48.05, 'buy_pe': 41.9}
2026-04-25 09:41:09,732 - INFO - 🟡 SANDBOX MODE DETECTED: Simulating local paper execution...
2026-04-25 09:41:09,732 - INFO - ✅ Simulated Basket Executed Successfully!
2026-04-25 09:41:09,742 - INFO - Entering live risk monitoring phase...
2026-04-25 09:41:09,742 - INFO - Initializing SDK WebSocket connection for live risk management...
2026-04-25 09:41:09,744 - INFO - WebSocket Connected! Streaming live market data...
2026-04-25 09:41:10,712 - INFO - Websocket connected
2026-04-25 09:42:11,813 - CRITICAL - ☠️ SILENT DEATH DETECTED: No WebSocket ticks received for 60 seconds! Forcing emergency exit.
2026-04-25 09:42:11,964 - CRITICAL - ☠️ WebSocket died for NIFTY. This is NOT a trading loss — attempting reconnection...
2026-04-25 09:42:11,964 - INFO - Cooling down for 30 seconds before reconnection attempt...
2026-04-25 09:42:41,994 - INFO - Deploying fresh Iron Butterfly for NIFTY...
2026-04-25 09:42:41,994 - INFO - Fetching live spot price for NIFTY...
2026-04-25 09:42:42,226 - INFO - Live Spot Price for NIFTY is: 23897.95
2026-04-25 09:42:42,227 - INFO - Fetching option chain for NIFTY expiring on 2026-04-28...
2026-04-25 09:42:42,705 - INFO - 📊 India VIX: 19.71
2026-04-25 09:42:42,706 - INFO - 📊 VIX Profile Selected: HIGH_VIX (VIX=19.71) → Wing δ=12, Target=25%
2026-04-25 09:42:42,706 - INFO - Calculating Iron Butterfly strikes & prices (Wing δ=12)...
2026-04-25 09:42:42,706 - INFO - Selecting protective wings via delta-based method (target δ=12)...
2026-04-25 09:42:42,707 - INFO -   Wing CE: Strike 24350.0, LTP ₹48.05 (via Premium Proxy, target δ=12)
2026-04-25 09:42:42,707 - INFO -   Wing PE: Strike 23500.0, LTP ₹41.90 (via Premium Proxy, target δ=12)
2026-04-25 09:42:42,707 - INFO - Selected Execution Legs: {'sell_ce': 'NSE_FO|72259', 'sell_pe': 'NSE_FO|72260', 'buy_ce': 'NSE_FO|72312', 'buy_pe': 'NSE_FO|72229'}
2026-04-25 09:42:42,707 - INFO - Target Entry Prices: {'sell_ce': 193.45, 'sell_pe': 161.2, 'buy_ce': 48.05, 'buy_pe': 41.9}
2026-04-25 09:42:42,707 - INFO - Selected Strikes: {'sell_ce': 23900, 'sell_pe': 23900, 'buy_ce': 24350.0, 'buy_pe': 23500.0}
2026-04-25 09:42:42,707 - INFO - Synchronizing with Live Exchange Quotes to bypass cached API data...
2026-04-25 09:42:42,932 - INFO - Absolute Real-Time Entry Prices: {'sell_ce': 193.45, 'sell_pe': 161.2, 'buy_ce': 48.05, 'buy_pe': 41.9}
2026-04-25 09:42:42,933 - INFO - 🟡 SANDBOX MODE DETECTED: Simulating local paper execution...
2026-04-25 09:42:42,933 - INFO - ✅ Simulated Basket Executed Successfully!
2026-04-25 09:42:42,944 - INFO - Entering live risk monitoring phase...
2026-04-25 09:42:42,944 - INFO - Initializing SDK WebSocket connection for live risk management...
2026-04-25 09:42:42,945 - INFO - WebSocket Connected! Streaming live market data...
2026-04-25 09:42:43,937 - INFO - Websocket connected
2026-04-25 09:43:45,014 - CRITICAL - ☠️ SILENT DEATH DETECTED: No WebSocket ticks received for 60 seconds! Forcing emergency exit.
2026-04-25 09:43:45,166 - CRITICAL - ☠️ WebSocket died for NIFTY. This is NOT a trading loss — attempting reconnection...
2026-04-25 09:43:45,166 - INFO - Cooling down for 30 seconds before reconnection attempt...
2026-04-25 09:44:15,196 - INFO - Deploying fresh Iron Butterfly for NIFTY...
2026-04-25 09:44:15,197 - INFO - Fetching live spot price for NIFTY...
2026-04-25 09:44:15,399 - INFO - Live Spot Price for NIFTY is: 23897.95
2026-04-25 09:44:15,400 - INFO - Fetching option chain for NIFTY expiring on 2026-04-28...
2026-04-25 09:44:16,312 - INFO - 📊 India VIX: 19.71
2026-04-25 09:44:16,313 - INFO - 📊 VIX Profile Selected: HIGH_VIX (VIX=19.71) → Wing δ=12, Target=25%
2026-04-25 09:44:16,314 - INFO - Calculating Iron Butterfly strikes & prices (Wing δ=12)...
2026-04-25 09:44:16,314 - INFO - Selecting protective wings via delta-based method (target δ=12)...
2026-04-25 09:44:16,314 - INFO -   Wing CE: Strike 24350.0, LTP ₹48.05 (via Premium Proxy, target δ=12)
2026-04-25 09:44:16,314 - INFO -   Wing PE: Strike 23500.0, LTP ₹41.90 (via Premium Proxy, target δ=12)
2026-04-25 09:44:16,314 - INFO - Selected Execution Legs: {'sell_ce': 'NSE_FO|72259', 'sell_pe': 'NSE_FO|72260', 'buy_ce': 'NSE_FO|72312', 'buy_pe': 'NSE_FO|72229'}
2026-04-25 09:44:16,314 - INFO - Target Entry Prices: {'sell_ce': 193.45, 'sell_pe': 161.2, 'buy_ce': 48.05, 'buy_pe': 41.9}
2026-04-25 09:44:16,314 - INFO - Selected Strikes: {'sell_ce': 23900, 'sell_pe': 23900, 'buy_ce': 24350.0, 'buy_pe': 23500.0}
2026-04-25 09:44:16,314 - INFO - Synchronizing with Live Exchange Quotes to bypass cached API data...
2026-04-25 09:44:16,539 - INFO - Absolute Real-Time Entry Prices: {'sell_ce': 193.45, 'sell_pe': 161.2, 'buy_ce': 48.05, 'buy_pe': 41.9}
2026-04-25 09:44:16,539 - INFO - 🟡 SANDBOX MODE DETECTED: Simulating local paper execution...
2026-04-25 09:44:16,539 - INFO - ✅ Simulated Basket Executed Successfully!
2026-04-25 09:44:16,550 - INFO - Entering live risk monitoring phase...
2026-04-25 09:44:16,550 - INFO - Initializing SDK WebSocket connection for live risk management...
2026-04-25 09:44:16,552 - INFO - WebSocket Connected! Streaming live market data...
2026-04-25 09:44:17,552 - INFO - Websocket connected
2026-04-25 09:45:18,621 - CRITICAL - ☠️ SILENT DEATH DETECTED: No WebSocket ticks received for 60 seconds! Forcing emergency exit.
2026-04-25 09:45:18,774 - CRITICAL - ☠️ WebSocket died for NIFTY. This is NOT a trading loss — attempting reconnection...
2026-04-25 09:45:18,774 - INFO - Cooling down for 30 seconds before reconnection attempt...
2026-04-25 09:45:48,799 - INFO - Deploying fresh Iron Butterfly for NIFTY...
2026-04-25 09:45:48,799 - INFO - Fetching live spot price for NIFTY...
2026-04-25 09:45:49,008 - INFO - Live Spot Price for NIFTY is: 23897.95
2026-04-25 09:45:49,009 - INFO - Fetching option chain for NIFTY expiring on 2026-04-28...
2026-04-25 09:45:49,628 - INFO - 📊 India VIX: 19.71
2026-04-25 09:45:49,630 - INFO - 📊 VIX Profile Selected: HIGH_VIX (VIX=19.71) → Wing δ=12, Target=25%
2026-04-25 09:45:49,630 - INFO - Calculating Iron Butterfly strikes & prices (Wing δ=12)...
2026-04-25 09:45:49,630 - INFO - Selecting protective wings via delta-based method (target δ=12)...
2026-04-25 09:45:49,630 - INFO -   Wing CE: Strike 24350.0, LTP ₹48.05 (via Premium Proxy, target δ=12)
2026-04-25 09:45:49,630 - INFO -   Wing PE: Strike 23500.0, LTP ₹41.90 (via Premium Proxy, target δ=12)
2026-04-25 09:45:49,631 - INFO - Selected Execution Legs: {'sell_ce': 'NSE_FO|72259', 'sell_pe': 'NSE_FO|72260', 'buy_ce': 'NSE_FO|72312', 'buy_pe': 'NSE_FO|72229'}
2026-04-25 09:45:49,631 - INFO - Target Entry Prices: {'sell_ce': 193.45, 'sell_pe': 161.2, 'buy_ce': 48.05, 'buy_pe': 41.9}
2026-04-25 09:45:49,631 - INFO - Selected Strikes: {'sell_ce': 23900, 'sell_pe': 23900, 'buy_ce': 24350.0, 'buy_pe': 23500.0}
2026-04-25 09:45:49,631 - INFO - Synchronizing with Live Exchange Quotes to bypass cached API data...
2026-04-25 09:45:49,820 - INFO - Absolute Real-Time Entry Prices: {'sell_ce': 193.45, 'sell_pe': 161.2, 'buy_ce': 48.05, 'buy_pe': 41.9}
2026-04-25 09:45:49,821 - INFO - 🟡 SANDBOX MODE DETECTED: Simulating local paper execution...
2026-04-25 09:45:49,821 - INFO - ✅ Simulated Basket Executed Successfully!
2026-04-25 09:45:49,830 - INFO - Entering live risk monitoring phase...
2026-04-25 09:45:49,830 - INFO - Initializing SDK WebSocket connection for live risk management...
2026-04-25 09:45:49,832 - INFO - WebSocket Connected! Streaming live market data...
2026-04-25 09:45:50,829 - INFO - Websocket connected
2026-04-25 09:46:51,900 - CRITICAL - ☠️ SILENT DEATH DETECTED: No WebSocket ticks received for 60 seconds! Forcing emergency exit.
2026-04-25 09:46:52,051 - CRITICAL - ☠️ WebSocket died for NIFTY. This is NOT a trading loss — attempting reconnection...
2026-04-25 09:46:52,052 - INFO - Cooling down for 30 seconds before reconnection attempt...
2026-04-25 09:47:22,082 - INFO - Deploying fresh Iron Butterfly for NIFTY...
2026-04-25 09:47:22,082 - INFO - Fetching live spot price for NIFTY...
2026-04-25 09:47:22,299 - INFO - Live Spot Price for NIFTY is: 23897.95
2026-04-25 09:47:22,300 - INFO - Fetching option chain for NIFTY expiring on 2026-04-28...
2026-04-25 09:47:23,202 - INFO - 📊 India VIX: 19.71
2026-04-25 09:47:23,203 - INFO - 📊 VIX Profile Selected: HIGH_VIX (VIX=19.71) → Wing δ=12, Target=25%
2026-04-25 09:47:23,204 - INFO - Calculating Iron Butterfly strikes & prices (Wing δ=12)...
2026-04-25 09:47:23,204 - INFO - Selecting protective wings via delta-based method (target δ=12)...
2026-04-25 09:47:23,204 - INFO -   Wing CE: Strike 24350.0, LTP ₹48.05 (via Premium Proxy, target δ=12)
2026-04-25 09:47:23,204 - INFO -   Wing PE: Strike 23500.0, LTP ₹41.90 (via Premium Proxy, target δ=12)
2026-04-25 09:47:23,205 - INFO - Selected Execution Legs: {'sell_ce': 'NSE_FO|72259', 'sell_pe': 'NSE_FO|72260', 'buy_ce': 'NSE_FO|72312', 'buy_pe': 'NSE_FO|72229'}
2026-04-25 09:47:23,205 - INFO - Target Entry Prices: {'sell_ce': 193.45, 'sell_pe': 161.2, 'buy_ce': 48.05, 'buy_pe': 41.9}
2026-04-25 09:47:23,205 - INFO - Selected Strikes: {'sell_ce': 23900, 'sell_pe': 23900, 'buy_ce': 24350.0, 'buy_pe': 23500.0}
2026-04-25 09:47:23,205 - INFO - Synchronizing with Live Exchange Quotes to bypass cached API data...
2026-04-25 09:47:23,715 - INFO - Absolute Real-Time Entry Prices: {'sell_ce': 193.45, 'sell_pe': 161.2, 'buy_ce': 48.05, 'buy_pe': 41.9}
2026-04-25 09:47:23,715 - INFO - 🟡 SANDBOX MODE DETECTED: Simulating local paper execution...
2026-04-25 09:47:23,715 - INFO - ✅ Simulated Basket Executed Successfully!
2026-04-25 09:47:23,727 - INFO - Entering live risk monitoring phase...
2026-04-25 09:47:23,727 - INFO - Initializing SDK WebSocket connection for live risk management...
2026-04-25 09:47:23,729 - INFO - WebSocket Connected! Streaming live market data...
2026-04-25 09:47:24,744 - INFO - Websocket connected
2026-04-25 09:48:25,797 - CRITICAL - ☠️ SILENT DEATH DETECTED: No WebSocket ticks received for 60 seconds! Forcing emergency exit.
2026-04-25 09:48:25,951 - CRITICAL - ☠️ WebSocket died for NIFTY. This is NOT a trading loss — attempting reconnection...
2026-04-25 09:48:25,952 - INFO - Cooling down for 30 seconds before reconnection attempt...
2026-04-25 09:48:55,982 - INFO - Deploying fresh Iron Butterfly for NIFTY...
2026-04-25 09:48:55,982 - INFO - Fetching live spot price for NIFTY...
2026-04-25 09:48:56,181 - INFO - Live Spot Price for NIFTY is: 23897.95
2026-04-25 09:48:56,182 - INFO - Fetching option chain for NIFTY expiring on 2026-04-28...
2026-04-25 09:48:56,707 - INFO - 📊 India VIX: 19.71
2026-04-25 09:48:56,708 - INFO - 📊 VIX Profile Selected: HIGH_VIX (VIX=19.71) → Wing δ=12, Target=25%
2026-04-25 09:48:56,709 - INFO - Calculating Iron Butterfly strikes & prices (Wing δ=12)...
2026-04-25 09:48:56,709 - INFO - Selecting protective wings via delta-based method (target δ=12)...
2026-04-25 09:48:56,709 - INFO -   Wing CE: Strike 24350.0, LTP ₹48.05 (via Premium Proxy, target δ=12)
2026-04-25 09:48:56,709 - INFO -   Wing PE: Strike 23500.0, LTP ₹41.90 (via Premium Proxy, target δ=12)
2026-04-25 09:48:56,709 - INFO - Selected Execution Legs: {'sell_ce': 'NSE_FO|72259', 'sell_pe': 'NSE_FO|72260', 'buy_ce': 'NSE_FO|72312', 'buy_pe': 'NSE_FO|72229'}
2026-04-25 09:48:56,709 - INFO - Target Entry Prices: {'sell_ce': 193.45, 'sell_pe': 161.2, 'buy_ce': 48.05, 'buy_pe': 41.9}
2026-04-25 09:48:56,709 - INFO - Selected Strikes: {'sell_ce': 23900, 'sell_pe': 23900, 'buy_ce': 24350.0, 'buy_pe': 23500.0}
2026-04-25 09:48:56,709 - INFO - Synchronizing with Live Exchange Quotes to bypass cached API data...
2026-04-25 09:48:56,916 - INFO - Absolute Real-Time Entry Prices: {'sell_ce': 193.45, 'sell_pe': 161.2, 'buy_ce': 48.05, 'buy_pe': 41.9}
2026-04-25 09:48:56,917 - INFO - 🟡 SANDBOX MODE DETECTED: Simulating local paper execution...
2026-04-25 09:48:56,917 - INFO - ✅ Simulated Basket Executed Successfully!
2026-04-25 09:48:56,927 - INFO - Entering live risk monitoring phase...
2026-04-25 09:48:56,927 - INFO - Initializing SDK WebSocket connection for live risk management...
2026-04-25 09:48:56,928 - INFO - WebSocket Connected! Streaming live market data...
2026-04-25 09:48:58,033 - INFO - Websocket connected
2026-04-25 09:49:58,997 - CRITICAL - ☠️ SILENT DEATH DETECTED: No WebSocket ticks received for 60 seconds! Forcing emergency exit.
2026-04-25 09:49:59,149 - CRITICAL - ☠️ WebSocket died for NIFTY. This is NOT a trading loss — attempting reconnection...
2026-04-25 09:49:59,149 - INFO - Cooling down for 30 seconds before reconnection attempt...
2026-04-25 09:50:29,179 - INFO - Deploying fresh Iron Butterfly for NIFTY...
2026-04-25 09:50:29,179 - INFO - Fetching live spot price for NIFTY...
2026-04-25 09:50:29,391 - INFO - Live Spot Price for NIFTY is: 23897.95
2026-04-25 09:50:29,393 - INFO - Fetching option chain for NIFTY expiring on 2026-04-28...
2026-04-25 09:50:30,123 - INFO - 📊 India VIX: 19.71
2026-04-25 09:50:30,125 - INFO - 📊 VIX Profile Selected: HIGH_VIX (VIX=19.71) → Wing δ=12, Target=25%
2026-04-25 09:50:30,125 - INFO - Calculating Iron Butterfly strikes & prices (Wing δ=12)...
2026-04-25 09:50:30,125 - INFO - Selecting protective wings via delta-based method (target δ=12)...
2026-04-25 09:50:30,125 - INFO -   Wing CE: Strike 24350.0, LTP ₹48.05 (via Premium Proxy, target δ=12)
2026-04-25 09:50:30,125 - INFO -   Wing PE: Strike 23500.0, LTP ₹41.90 (via Premium Proxy, target δ=12)
2026-04-25 09:50:30,125 - INFO - Selected Execution Legs: {'sell_ce': 'NSE_FO|72259', 'sell_pe': 'NSE_FO|72260', 'buy_ce': 'NSE_FO|72312', 'buy_pe': 'NSE_FO|72229'}
2026-04-25 09:50:30,125 - INFO - Target Entry Prices: {'sell_ce': 193.45, 'sell_pe': 161.2, 'buy_ce': 48.05, 'buy_pe': 41.9}
2026-04-25 09:50:30,126 - INFO - Selected Strikes: {'sell_ce': 23900, 'sell_pe': 23900, 'buy_ce': 24350.0, 'buy_pe': 23500.0}
2026-04-25 09:50:30,126 - INFO - Synchronizing with Live Exchange Quotes to bypass cached API data...
2026-04-25 09:50:30,345 - INFO - Absolute Real-Time Entry Prices: {'sell_ce': 193.45, 'sell_pe': 161.2, 'buy_ce': 48.05, 'buy_pe': 41.9}
2026-04-25 09:50:30,345 - INFO - 🟡 SANDBOX MODE DETECTED: Simulating local paper execution...
2026-04-25 09:50:30,345 - INFO - ✅ Simulated Basket Executed Successfully!
2026-04-25 09:50:30,355 - INFO - Entering live risk monitoring phase...
2026-04-25 09:50:30,355 - INFO - Initializing SDK WebSocket connection for live risk management...
2026-04-25 09:50:30,357 - INFO - WebSocket Connected! Streaming live market data...
2026-04-25 09:50:31,326 - INFO - Websocket connected
2026-04-25 09:51:32,425 - CRITICAL - ☠️ SILENT DEATH DETECTED: No WebSocket ticks received for 60 seconds! Forcing emergency exit.
2026-04-25 09:51:32,577 - CRITICAL - ☠️ WebSocket died for NIFTY. This is NOT a trading loss — attempting reconnection...
2026-04-25 09:51:32,578 - INFO - Cooling down for 30 seconds before reconnection attempt...
2026-04-25 09:52:02,608 - INFO - Deploying fresh Iron Butterfly for NIFTY...
2026-04-25 09:52:02,608 - INFO - Fetching live spot price for NIFTY...
2026-04-25 09:52:02,837 - INFO - Live Spot Price for NIFTY is: 23897.95
2026-04-25 09:52:02,838 - INFO - Fetching option chain for NIFTY expiring on 2026-04-28...
2026-04-25 09:52:04,036 - INFO - 📊 India VIX: 19.71
2026-04-25 09:52:04,037 - INFO - 📊 VIX Profile Selected: HIGH_VIX (VIX=19.71) → Wing δ=12, Target=25%
2026-04-25 09:52:04,038 - INFO - Calculating Iron Butterfly strikes & prices (Wing δ=12)...
2026-04-25 09:52:04,038 - INFO - Selecting protective wings via delta-based method (target δ=12)...
2026-04-25 09:52:04,038 - INFO -   Wing CE: Strike 24350.0, LTP ₹48.05 (via Premium Proxy, target δ=12)
2026-04-25 09:52:04,038 - INFO -   Wing PE: Strike 23500.0, LTP ₹41.90 (via Premium Proxy, target δ=12)
2026-04-25 09:52:04,038 - INFO - Selected Execution Legs: {'sell_ce': 'NSE_FO|72259', 'sell_pe': 'NSE_FO|72260', 'buy_ce': 'NSE_FO|72312', 'buy_pe': 'NSE_FO|72229'}
2026-04-25 09:52:04,038 - INFO - Target Entry Prices: {'sell_ce': 193.45, 'sell_pe': 161.2, 'buy_ce': 48.05, 'buy_pe': 41.9}
2026-04-25 09:52:04,038 - INFO - Selected Strikes: {'sell_ce': 23900, 'sell_pe': 23900, 'buy_ce': 24350.0, 'buy_pe': 23500.0}
2026-04-25 09:52:04,038 - INFO - Synchronizing with Live Exchange Quotes to bypass cached API data...
2026-04-25 09:52:04,232 - INFO - Absolute Real-Time Entry Prices: {'sell_ce': 193.45, 'sell_pe': 161.2, 'buy_ce': 48.05, 'buy_pe': 41.9}
2026-04-25 09:52:04,233 - INFO - 🟡 SANDBOX MODE DETECTED: Simulating local paper execution...
2026-04-25 09:52:04,233 - INFO - ✅ Simulated Basket Executed Successfully!
2026-04-25 09:52:04,243 - INFO - Entering live risk monitoring phase...
2026-04-25 09:52:04,243 - INFO - Initializing SDK WebSocket connection for live risk management...
2026-04-25 09:52:04,245 - INFO - WebSocket Connected! Streaming live market data...
2026-04-25 09:52:05,232 - INFO - Websocket connected
2026-04-25 09:53:06,313 - CRITICAL - ☠️ SILENT DEATH DETECTED: No WebSocket ticks received for 60 seconds! Forcing emergency exit.
2026-04-25 09:53:06,467 - CRITICAL - ☠️ WebSocket died for NIFTY. This is NOT a trading loss — attempting reconnection...
2026-04-25 09:53:06,467 - INFO - Cooling down for 30 seconds before reconnection attempt...
2026-04-25 09:53:36,497 - INFO - Deploying fresh Iron Butterfly for NIFTY...
2026-04-25 09:53:36,497 - INFO - Fetching live spot price for NIFTY...
2026-04-25 09:53:36,726 - INFO - Live Spot Price for NIFTY is: 23897.95
2026-04-25 09:53:36,727 - INFO - Fetching option chain for NIFTY expiring on 2026-04-28...
2026-04-25 09:53:37,307 - INFO - 📊 India VIX: 19.71
2026-04-25 09:53:37,308 - INFO - 📊 VIX Profile Selected: HIGH_VIX (VIX=19.71) → Wing δ=12, Target=25%
2026-04-25 09:53:37,308 - INFO - Calculating Iron Butterfly strikes & prices (Wing δ=12)...
2026-04-25 09:53:37,308 - INFO - Selecting protective wings via delta-based method (target δ=12)...
2026-04-25 09:53:37,308 - INFO -   Wing CE: Strike 24350.0, LTP ₹48.05 (via Premium Proxy, target δ=12)
2026-04-25 09:53:37,309 - INFO -   Wing PE: Strike 23500.0, LTP ₹41.90 (via Premium Proxy, target δ=12)
2026-04-25 09:53:37,309 - INFO - Selected Execution Legs: {'sell_ce': 'NSE_FO|72259', 'sell_pe': 'NSE_FO|72260', 'buy_ce': 'NSE_FO|72312', 'buy_pe': 'NSE_FO|72229'}
2026-04-25 09:53:37,309 - INFO - Target Entry Prices: {'sell_ce': 193.45, 'sell_pe': 161.2, 'buy_ce': 48.05, 'buy_pe': 41.9}
2026-04-25 09:53:37,309 - INFO - Selected Strikes: {'sell_ce': 23900, 'sell_pe': 23900, 'buy_ce': 24350.0, 'buy_pe': 23500.0}
2026-04-25 09:53:37,309 - INFO - Synchronizing with Live Exchange Quotes to bypass cached API data...
2026-04-25 09:53:37,503 - INFO - Absolute Real-Time Entry Prices: {'sell_ce': 193.45, 'sell_pe': 161.2, 'buy_ce': 48.05, 'buy_pe': 41.9}
2026-04-25 09:53:37,504 - INFO - 🟡 SANDBOX MODE DETECTED: Simulating local paper execution...
2026-04-25 09:53:37,504 - INFO - ✅ Simulated Basket Executed Successfully!
2026-04-25 09:53:37,513 - INFO - Entering live risk monitoring phase...
2026-04-25 09:53:37,514 - INFO - Initializing SDK WebSocket connection for live risk management...
2026-04-25 09:53:37,515 - INFO - WebSocket Connected! Streaming live market data...
2026-04-25 09:53:38,490 - INFO - Websocket connected
2026-04-25 09:54:39,584 - CRITICAL - ☠️ SILENT DEATH DETECTED: No WebSocket ticks received for 60 seconds! Forcing emergency exit.
2026-04-25 09:54:39,738 - CRITICAL - ☠️ WebSocket died for NIFTY. This is NOT a trading loss — attempting reconnection...
2026-04-25 09:54:39,738 - INFO - Cooling down for 30 seconds before reconnection attempt...
2026-04-25 09:55:09,739 - INFO - Deploying fresh Iron Butterfly for NIFTY...
2026-04-25 09:55:09,739 - INFO - Fetching live spot price for NIFTY...
2026-04-25 09:55:09,970 - INFO - Live Spot Price for NIFTY is: 23897.95
2026-04-25 09:55:09,971 - INFO - Fetching option chain for NIFTY expiring on 2026-04-28...
2026-04-25 09:55:10,486 - INFO - 📊 India VIX: 19.71
2026-04-25 09:55:10,487 - INFO - 📊 VIX Profile Selected: HIGH_VIX (VIX=19.71) → Wing δ=12, Target=25%
2026-04-25 09:55:10,487 - INFO - Calculating Iron Butterfly strikes & prices (Wing δ=12)...
2026-04-25 09:55:10,487 - INFO - Selecting protective wings via delta-based method (target δ=12)...
2026-04-25 09:55:10,488 - INFO -   Wing CE: Strike 24350.0, LTP ₹48.05 (via Premium Proxy, target δ=12)
2026-04-25 09:55:10,488 - INFO -   Wing PE: Strike 23500.0, LTP ₹41.90 (via Premium Proxy, target δ=12)
2026-04-25 09:55:10,488 - INFO - Selected Execution Legs: {'sell_ce': 'NSE_FO|72259', 'sell_pe': 'NSE_FO|72260', 'buy_ce': 'NSE_FO|72312', 'buy_pe': 'NSE_FO|72229'}
2026-04-25 09:55:10,488 - INFO - Target Entry Prices: {'sell_ce': 193.45, 'sell_pe': 161.2, 'buy_ce': 48.05, 'buy_pe': 41.9}
2026-04-25 09:55:10,488 - INFO - Selected Strikes: {'sell_ce': 23900, 'sell_pe': 23900, 'buy_ce': 24350.0, 'buy_pe': 23500.0}
2026-04-25 09:55:10,488 - INFO - Synchronizing with Live Exchange Quotes to bypass cached API data...
2026-04-25 09:55:10,701 - INFO - Absolute Real-Time Entry Prices: {'sell_ce': 193.45, 'sell_pe': 161.2, 'buy_ce': 48.05, 'buy_pe': 41.9}
2026-04-25 09:55:10,702 - INFO - 🟡 SANDBOX MODE DETECTED: Simulating local paper execution...
2026-04-25 09:55:10,702 - INFO - ✅ Simulated Basket Executed Successfully!
2026-04-25 09:55:10,712 - INFO - Entering live risk monitoring phase...
2026-04-25 09:55:10,712 - INFO - Initializing SDK WebSocket connection for live risk management...
2026-04-25 09:55:10,714 - INFO - WebSocket Connected! Streaming live market data...
2026-04-25 09:55:11,706 - INFO - Websocket connected
2026-04-25 09:56:12,782 - CRITICAL - ☠️ SILENT DEATH DETECTED: No WebSocket ticks received for 60 seconds! Forcing emergency exit.
2026-04-25 09:56:12,935 - CRITICAL - ☠️ WebSocket died for NIFTY. This is NOT a trading loss — attempting reconnection...
2026-04-25 09:56:12,935 - INFO - Cooling down for 30 seconds before reconnection attempt...
2026-04-25 09:56:42,965 - INFO - Deploying fresh Iron Butterfly for NIFTY...
2026-04-25 09:56:42,965 - INFO - Fetching live spot price for NIFTY...
2026-04-25 09:56:43,484 - INFO - Live Spot Price for NIFTY is: 23897.95
2026-04-25 09:56:43,485 - INFO - Fetching option chain for NIFTY expiring on 2026-04-28...
2026-04-25 09:56:43,968 - INFO - 📊 India VIX: 19.71
2026-04-25 09:56:43,970 - INFO - 📊 VIX Profile Selected: HIGH_VIX (VIX=19.71) → Wing δ=12, Target=25%
2026-04-25 09:56:43,970 - INFO - Calculating Iron Butterfly strikes & prices (Wing δ=12)...
2026-04-25 09:56:43,970 - INFO - Selecting protective wings via delta-based method (target δ=12)...
2026-04-25 09:56:43,970 - INFO -   Wing CE: Strike 24350.0, LTP ₹48.05 (via Premium Proxy, target δ=12)
2026-04-25 09:56:43,971 - INFO -   Wing PE: Strike 23500.0, LTP ₹41.90 (via Premium Proxy, target δ=12)
2026-04-25 09:56:43,971 - INFO - Selected Execution Legs: {'sell_ce': 'NSE_FO|72259', 'sell_pe': 'NSE_FO|72260', 'buy_ce': 'NSE_FO|72312', 'buy_pe': 'NSE_FO|72229'}
2026-04-25 09:56:43,971 - INFO - Target Entry Prices: {'sell_ce': 193.45, 'sell_pe': 161.2, 'buy_ce': 48.05, 'buy_pe': 41.9}
2026-04-25 09:56:43,971 - INFO - Selected Strikes: {'sell_ce': 23900, 'sell_pe': 23900, 'buy_ce': 24350.0, 'buy_pe': 23500.0}
2026-04-25 09:56:43,971 - INFO - Synchronizing with Live Exchange Quotes to bypass cached API data...
2026-04-25 09:56:44,185 - INFO - Absolute Real-Time Entry Prices: {'sell_ce': 193.45, 'sell_pe': 161.2, 'buy_ce': 48.05, 'buy_pe': 41.9}
2026-04-25 09:56:44,186 - INFO - 🟡 SANDBOX MODE DETECTED: Simulating local paper execution...
2026-04-25 09:56:44,186 - INFO - ✅ Simulated Basket Executed Successfully!
2026-04-25 09:56:44,196 - INFO - Entering live risk monitoring phase...
2026-04-25 09:56:44,196 - INFO - Initializing SDK WebSocket connection for live risk management...
2026-04-25 09:56:44,198 - INFO - WebSocket Connected! Streaming live market data...
2026-04-25 09:56:45,199 - INFO - Websocket connected
2026-04-25 09:57:46,265 - CRITICAL - ☠️ SILENT DEATH DETECTED: No WebSocket ticks received for 60 seconds! Forcing emergency exit.
2026-04-25 09:57:46,417 - CRITICAL - ☠️ WebSocket died for NIFTY. This is NOT a trading loss — attempting reconnection...
2026-04-25 09:57:46,418 - INFO - Cooling down for 30 seconds before reconnection attempt...
2026-04-25 09:58:16,448 - INFO - Deploying fresh Iron Butterfly for NIFTY...
2026-04-25 09:58:16,448 - INFO - Fetching live spot price for NIFTY...
2026-04-25 09:58:16,698 - INFO - Live Spot Price for NIFTY is: 23897.95
2026-04-25 09:58:16,699 - INFO - Fetching option chain for NIFTY expiring on 2026-04-28...
2026-04-25 09:58:17,281 - INFO - 📊 India VIX: 19.71
2026-04-25 09:58:17,282 - INFO - 📊 VIX Profile Selected: HIGH_VIX (VIX=19.71) → Wing δ=12, Target=25%
2026-04-25 09:58:17,283 - INFO - Calculating Iron Butterfly strikes & prices (Wing δ=12)...
2026-04-25 09:58:17,283 - INFO - Selecting protective wings via delta-based method (target δ=12)...
2026-04-25 09:58:17,283 - INFO -   Wing CE: Strike 24350.0, LTP ₹48.05 (via Premium Proxy, target δ=12)
2026-04-25 09:58:17,283 - INFO -   Wing PE: Strike 23500.0, LTP ₹41.90 (via Premium Proxy, target δ=12)
2026-04-25 09:58:17,283 - INFO - Selected Execution Legs: {'sell_ce': 'NSE_FO|72259', 'sell_pe': 'NSE_FO|72260', 'buy_ce': 'NSE_FO|72312', 'buy_pe': 'NSE_FO|72229'}
2026-04-25 09:58:17,283 - INFO - Target Entry Prices: {'sell_ce': 193.45, 'sell_pe': 161.2, 'buy_ce': 48.05, 'buy_pe': 41.9}
2026-04-25 09:58:17,283 - INFO - Selected Strikes: {'sell_ce': 23900, 'sell_pe': 23900, 'buy_ce': 24350.0, 'buy_pe': 23500.0}
2026-04-25 09:58:17,283 - INFO - Synchronizing with Live Exchange Quotes to bypass cached API data...
2026-04-25 09:58:17,499 - INFO - Absolute Real-Time Entry Prices: {'sell_ce': 193.45, 'sell_pe': 161.2, 'buy_ce': 48.05, 'buy_pe': 41.9}
2026-04-25 09:58:17,499 - INFO - 🟡 SANDBOX MODE DETECTED: Simulating local paper execution...
2026-04-25 09:58:17,499 - INFO - ✅ Simulated Basket Executed Successfully!
2026-04-25 09:58:17,510 - INFO - Entering live risk monitoring phase...
2026-04-25 09:58:17,510 - INFO - Initializing SDK WebSocket connection for live risk management...
2026-04-25 09:58:17,511 - INFO - WebSocket Connected! Streaming live market data...
2026-04-25 09:58:18,501 - INFO - Websocket connected
2026-04-25 09:59:19,579 - CRITICAL - ☠️ SILENT DEATH DETECTED: No WebSocket ticks received for 60 seconds! Forcing emergency exit.
2026-04-25 09:59:19,732 - CRITICAL - ☠️ WebSocket died for NIFTY. This is NOT a trading loss — attempting reconnection...
2026-04-25 09:59:19,732 - INFO - Cooling down for 30 seconds before reconnection attempt...
2026-04-25 09:59:49,762 - INFO - Deploying fresh Iron Butterfly for NIFTY...
2026-04-25 09:59:49,762 - INFO - Fetching live spot price for NIFTY...
2026-04-25 09:59:49,962 - INFO - Live Spot Price for NIFTY is: 23897.95
2026-04-25 09:59:49,963 - INFO - Fetching option chain for NIFTY expiring on 2026-04-28...
2026-04-25 09:59:51,141 - INFO - 📊 India VIX: 19.71
2026-04-25 09:59:51,142 - INFO - 📊 VIX Profile Selected: HIGH_VIX (VIX=19.71) → Wing δ=12, Target=25%
2026-04-25 09:59:51,143 - INFO - Calculating Iron Butterfly strikes & prices (Wing δ=12)...
2026-04-25 09:59:51,143 - INFO - Selecting protective wings via delta-based method (target δ=12)...
2026-04-25 09:59:51,143 - INFO -   Wing CE: Strike 24350.0, LTP ₹48.05 (via Premium Proxy, target δ=12)
2026-04-25 09:59:51,143 - INFO -   Wing PE: Strike 23500.0, LTP ₹41.90 (via Premium Proxy, target δ=12)
2026-04-25 09:59:51,143 - INFO - Selected Execution Legs: {'sell_ce': 'NSE_FO|72259', 'sell_pe': 'NSE_FO|72260', 'buy_ce': 'NSE_FO|72312', 'buy_pe': 'NSE_FO|72229'}
2026-04-25 09:59:51,143 - INFO - Target Entry Prices: {'sell_ce': 193.45, 'sell_pe': 161.2, 'buy_ce': 48.05, 'buy_pe': 41.9}
2026-04-25 09:59:51,143 - INFO - Selected Strikes: {'sell_ce': 23900, 'sell_pe': 23900, 'buy_ce': 24350.0, 'buy_pe': 23500.0}
2026-04-25 09:59:51,143 - INFO - Synchronizing with Live Exchange Quotes to bypass cached API data...
2026-04-25 09:59:51,366 - INFO - Absolute Real-Time Entry Prices: {'sell_ce': 193.45, 'sell_pe': 161.2, 'buy_ce': 48.05, 'buy_pe': 41.9}
2026-04-25 09:59:51,367 - INFO - 🟡 SANDBOX MODE DETECTED: Simulating local paper execution...
2026-04-25 09:59:51,367 - INFO - ✅ Simulated Basket Executed Successfully!
2026-04-25 09:59:51,377 - INFO - Entering live risk monitoring phase...
2026-04-25 09:59:51,377 - INFO - Initializing SDK WebSocket connection for live risk management...
2026-04-25 09:59:51,379 - INFO - WebSocket Connected! Streaming live market data...
2026-04-25 09:59:52,376 - INFO - Websocket connected
2026-04-25 10:00:53,447 - CRITICAL - ☠️ SILENT DEATH DETECTED: No WebSocket ticks received for 60 seconds! Forcing emergency exit.
2026-04-25 10:00:53,601 - CRITICAL - ☠️ WebSocket died for NIFTY. This is NOT a trading loss — attempting reconnection...
2026-04-25 10:00:53,601 - INFO - Cooling down for 30 seconds before reconnection attempt...
2026-04-25 10:01:23,632 - INFO - Deploying fresh Iron Butterfly for NIFTY...
2026-04-25 10:01:23,632 - INFO - Fetching live spot price for NIFTY...
2026-04-25 10:01:23,846 - INFO - Live Spot Price for NIFTY is: 23897.95
2026-04-25 10:01:23,847 - INFO - Fetching option chain for NIFTY expiring on 2026-04-28...
2026-04-25 10:01:24,356 - INFO - 📊 India VIX: 19.71
2026-04-25 10:01:24,357 - INFO - 📊 VIX Profile Selected: HIGH_VIX (VIX=19.71) → Wing δ=12, Target=25%
2026-04-25 10:01:24,357 - INFO - Calculating Iron Butterfly strikes & prices (Wing δ=12)...
2026-04-25 10:01:24,357 - INFO - Selecting protective wings via delta-based method (target δ=12)...
2026-04-25 10:01:24,358 - INFO -   Wing CE: Strike 24350.0, LTP ₹48.05 (via Premium Proxy, target δ=12)
2026-04-25 10:01:24,358 - INFO -   Wing PE: Strike 23500.0, LTP ₹41.90 (via Premium Proxy, target δ=12)
2026-04-25 10:01:24,358 - INFO - Selected Execution Legs: {'sell_ce': 'NSE_FO|72259', 'sell_pe': 'NSE_FO|72260', 'buy_ce': 'NSE_FO|72312', 'buy_pe': 'NSE_FO|72229'}
2026-04-25 10:01:24,358 - INFO - Target Entry Prices: {'sell_ce': 193.45, 'sell_pe': 161.2, 'buy_ce': 48.05, 'buy_pe': 41.9}
2026-04-25 10:01:24,358 - INFO - Selected Strikes: {'sell_ce': 23900, 'sell_pe': 23900, 'buy_ce': 24350.0, 'buy_pe': 23500.0}
2026-04-25 10:01:24,358 - INFO - Synchronizing with Live Exchange Quotes to bypass cached API data...
2026-04-25 10:01:24,554 - INFO - Absolute Real-Time Entry Prices: {'sell_ce': 193.45, 'sell_pe': 161.2, 'buy_ce': 48.05, 'buy_pe': 41.9}
2026-04-25 10:01:24,555 - INFO - 🟡 SANDBOX MODE DETECTED: Simulating local paper execution...
2026-04-25 10:01:24,555 - INFO - ✅ Simulated Basket Executed Successfully!
2026-04-25 10:01:24,564 - INFO - Entering live risk monitoring phase...
2026-04-25 10:01:24,564 - INFO - Initializing SDK WebSocket connection for live risk management...
2026-04-25 10:01:24,566 - INFO - WebSocket Connected! Streaming live market data...
2026-04-25 10:01:25,558 - INFO - Websocket connected
2026-04-25 10:02:26,635 - CRITICAL - ☠️ SILENT DEATH DETECTED: No WebSocket ticks received for 60 seconds! Forcing emergency exit.
2026-04-25 10:02:26,788 - CRITICAL - ☠️ WebSocket died for NIFTY. This is NOT a trading loss — attempting reconnection...
2026-04-25 10:02:26,788 - INFO - Cooling down for 30 seconds before reconnection attempt...
2026-04-25 10:02:56,819 - INFO - Deploying fresh Iron Butterfly for NIFTY...
2026-04-25 10:02:56,819 - INFO - Fetching live spot price for NIFTY...
2026-04-25 10:02:57,015 - INFO - Live Spot Price for NIFTY is: 23897.95
2026-04-25 10:02:57,016 - INFO - Fetching option chain for NIFTY expiring on 2026-04-28...
2026-04-25 10:02:57,905 - INFO - 📊 India VIX: 19.71
2026-04-25 10:02:57,906 - INFO - 📊 VIX Profile Selected: HIGH_VIX (VIX=19.71) → Wing δ=12, Target=25%
2026-04-25 10:02:57,906 - INFO - Calculating Iron Butterfly strikes & prices (Wing δ=12)...
2026-04-25 10:02:57,907 - INFO - Selecting protective wings via delta-based method (target δ=12)...
2026-04-25 10:02:57,907 - INFO -   Wing CE: Strike 24350.0, LTP ₹48.05 (via Premium Proxy, target δ=12)
2026-04-25 10:02:57,907 - INFO -   Wing PE: Strike 23500.0, LTP ₹41.90 (via Premium Proxy, target δ=12)
2026-04-25 10:02:57,907 - INFO - Selected Execution Legs: {'sell_ce': 'NSE_FO|72259', 'sell_pe': 'NSE_FO|72260', 'buy_ce': 'NSE_FO|72312', 'buy_pe': 'NSE_FO|72229'}
2026-04-25 10:02:57,907 - INFO - Target Entry Prices: {'sell_ce': 193.45, 'sell_pe': 161.2, 'buy_ce': 48.05, 'buy_pe': 41.9}
2026-04-25 10:02:57,907 - INFO - Selected Strikes: {'sell_ce': 23900, 'sell_pe': 23900, 'buy_ce': 24350.0, 'buy_pe': 23500.0}
2026-04-25 10:02:57,907 - INFO - Synchronizing with Live Exchange Quotes to bypass cached API data...
2026-04-25 10:02:58,105 - INFO - Absolute Real-Time Entry Prices: {'sell_ce': 193.45, 'sell_pe': 161.2, 'buy_ce': 48.05, 'buy_pe': 41.9}
2026-04-25 10:02:58,106 - INFO - 🟡 SANDBOX MODE DETECTED: Simulating local paper execution...
2026-04-25 10:02:58,106 - INFO - ✅ Simulated Basket Executed Successfully!
2026-04-25 10:02:58,115 - INFO - Entering live risk monitoring phase...
2026-04-25 10:02:58,116 - INFO - Initializing SDK WebSocket connection for live risk management...
2026-04-25 10:02:58,117 - INFO - WebSocket Connected! Streaming live market data...
2026-04-25 10:02:59,102 - INFO - Websocket connected
2026-04-25 10:04:00,186 - CRITICAL - ☠️ SILENT DEATH DETECTED: No WebSocket ticks received for 60 seconds! Forcing emergency exit.
2026-04-25 10:04:00,340 - CRITICAL - ☠️ WebSocket died for NIFTY. This is NOT a trading loss — attempting reconnection...
2026-04-25 10:04:00,341 - INFO - Cooling down for 30 seconds before reconnection attempt...
2026-04-25 10:04:30,371 - INFO - Deploying fresh Iron Butterfly for NIFTY...
2026-04-25 10:04:30,371 - INFO - Fetching live spot price for NIFTY...
2026-04-25 10:04:30,608 - INFO - Live Spot Price for NIFTY is: 23897.95
2026-04-25 10:04:30,609 - INFO - Fetching option chain for NIFTY expiring on 2026-04-28...
2026-04-25 10:04:31,127 - INFO - 📊 India VIX: 19.71
2026-04-25 10:04:31,128 - INFO - 📊 VIX Profile Selected: HIGH_VIX (VIX=19.71) → Wing δ=12, Target=25%
2026-04-25 10:04:31,129 - INFO - Calculating Iron Butterfly strikes & prices (Wing δ=12)...
2026-04-25 10:04:31,129 - INFO - Selecting protective wings via delta-based method (target δ=12)...
2026-04-25 10:04:31,129 - INFO -   Wing CE: Strike 24350.0, LTP ₹48.05 (via Premium Proxy, target δ=12)
2026-04-25 10:04:31,130 - INFO -   Wing PE: Strike 23500.0, LTP ₹41.90 (via Premium Proxy, target δ=12)
2026-04-25 10:04:31,130 - INFO - Selected Execution Legs: {'sell_ce': 'NSE_FO|72259', 'sell_pe': 'NSE_FO|72260', 'buy_ce': 'NSE_FO|72312', 'buy_pe': 'NSE_FO|72229'}
2026-04-25 10:04:31,130 - INFO - Target Entry Prices: {'sell_ce': 193.45, 'sell_pe': 161.2, 'buy_ce': 48.05, 'buy_pe': 41.9}
2026-04-25 10:04:31,130 - INFO - Selected Strikes: {'sell_ce': 23900, 'sell_pe': 23900, 'buy_ce': 24350.0, 'buy_pe': 23500.0}
2026-04-25 10:04:31,130 - INFO - Synchronizing with Live Exchange Quotes to bypass cached API data...
2026-04-25 10:04:31,329 - INFO - Absolute Real-Time Entry Prices: {'sell_ce': 193.45, 'sell_pe': 161.2, 'buy_ce': 48.05, 'buy_pe': 41.9}
2026-04-25 10:04:31,330 - INFO - 🟡 SANDBOX MODE DETECTED: Simulating local paper execution...
2026-04-25 10:04:31,330 - INFO - ✅ Simulated Basket Executed Successfully!
2026-04-25 10:04:31,340 - INFO - Entering live risk monitoring phase...
2026-04-25 10:04:31,340 - INFO - Initializing SDK WebSocket connection for live risk management...
2026-04-25 10:04:31,341 - INFO - WebSocket Connected! Streaming live market data...
2026-04-25 10:04:32,323 - INFO - Websocket connected
2026-04-25 10:05:33,410 - CRITICAL - ☠️ SILENT DEATH DETECTED: No WebSocket ticks received for 60 seconds! Forcing emergency exit.
2026-04-25 10:05:33,562 - CRITICAL - ☠️ WebSocket died for NIFTY. This is NOT a trading loss — attempting reconnection...
2026-04-25 10:05:33,562 - INFO - Cooling down for 30 seconds before reconnection attempt...
2026-04-25 10:06:03,592 - INFO - Deploying fresh Iron Butterfly for NIFTY...
2026-04-25 10:06:03,593 - INFO - Fetching live spot price for NIFTY...
2026-04-25 10:06:03,789 - INFO - Live Spot Price for NIFTY is: 23897.95
2026-04-25 10:06:03,790 - INFO - Fetching option chain for NIFTY expiring on 2026-04-28...
2026-04-25 10:06:05,286 - INFO - 📊 India VIX: 19.71
2026-04-25 10:06:05,287 - INFO - 📊 VIX Profile Selected: HIGH_VIX (VIX=19.71) → Wing δ=12, Target=25%
2026-04-25 10:06:05,287 - INFO - Calculating Iron Butterfly strikes & prices (Wing δ=12)...
2026-04-25 10:06:05,287 - INFO - Selecting protective wings via delta-based method (target δ=12)...
2026-04-25 10:06:05,287 - INFO -   Wing CE: Strike 24350.0, LTP ₹48.05 (via Premium Proxy, target δ=12)
2026-04-25 10:06:05,288 - INFO -   Wing PE: Strike 23500.0, LTP ₹41.90 (via Premium Proxy, target δ=12)
2026-04-25 10:06:05,288 - INFO - Selected Execution Legs: {'sell_ce': 'NSE_FO|72259', 'sell_pe': 'NSE_FO|72260', 'buy_ce': 'NSE_FO|72312', 'buy_pe': 'NSE_FO|72229'}
2026-04-25 10:06:05,288 - INFO - Target Entry Prices: {'sell_ce': 193.45, 'sell_pe': 161.2, 'buy_ce': 48.05, 'buy_pe': 41.9}
2026-04-25 10:06:05,288 - INFO - Selected Strikes: {'sell_ce': 23900, 'sell_pe': 23900, 'buy_ce': 24350.0, 'buy_pe': 23500.0}
2026-04-25 10:06:05,288 - INFO - Synchronizing with Live Exchange Quotes to bypass cached API data...
2026-04-25 10:06:05,508 - INFO - Absolute Real-Time Entry Prices: {'sell_ce': 193.45, 'sell_pe': 161.2, 'buy_ce': 48.05, 'buy_pe': 41.9}
2026-04-25 10:06:05,509 - INFO - 🟡 SANDBOX MODE DETECTED: Simulating local paper execution...
2026-04-25 10:06:05,509 - INFO - ✅ Simulated Basket Executed Successfully!
2026-04-25 10:06:05,519 - INFO - Entering live risk monitoring phase...
2026-04-25 10:06:05,519 - INFO - Initializing SDK WebSocket connection for live risk management...
2026-04-25 10:06:05,520 - INFO - WebSocket Connected! Streaming live market data...
2026-04-25 10:06:06,500 - INFO - Websocket connected
2026-04-25 10:07:07,589 - CRITICAL - ☠️ SILENT DEATH DETECTED: No WebSocket ticks received for 60 seconds! Forcing emergency exit.
2026-04-25 10:07:07,743 - CRITICAL - ☠️ WebSocket died for NIFTY. This is NOT a trading loss — attempting reconnection...
2026-04-25 10:07:07,743 - INFO - Cooling down for 30 seconds before reconnection attempt...
2026-04-25 10:07:37,774 - INFO - Deploying fresh Iron Butterfly for NIFTY...
2026-04-25 10:07:37,774 - INFO - Fetching live spot price for NIFTY...
2026-04-25 10:07:37,991 - INFO - Live Spot Price for NIFTY is: 23897.95
2026-04-25 10:07:37,992 - INFO - Fetching option chain for NIFTY expiring on 2026-04-28...
2026-04-25 10:07:39,160 - INFO - 📊 India VIX: 19.71
2026-04-25 10:07:39,161 - INFO - 📊 VIX Profile Selected: HIGH_VIX (VIX=19.71) → Wing δ=12, Target=25%
2026-04-25 10:07:39,162 - INFO - Calculating Iron Butterfly strikes & prices (Wing δ=12)...
2026-04-25 10:07:39,162 - INFO - Selecting protective wings via delta-based method (target δ=12)...
2026-04-25 10:07:39,162 - INFO -   Wing CE: Strike 24350.0, LTP ₹48.05 (via Premium Proxy, target δ=12)
2026-04-25 10:07:39,162 - INFO -   Wing PE: Strike 23500.0, LTP ₹41.90 (via Premium Proxy, target δ=12)
2026-04-25 10:07:39,162 - INFO - Selected Execution Legs: {'sell_ce': 'NSE_FO|72259', 'sell_pe': 'NSE_FO|72260', 'buy_ce': 'NSE_FO|72312', 'buy_pe': 'NSE_FO|72229'}
2026-04-25 10:07:39,162 - INFO - Target Entry Prices: {'sell_ce': 193.45, 'sell_pe': 161.2, 'buy_ce': 48.05, 'buy_pe': 41.9}
2026-04-25 10:07:39,162 - INFO - Selected Strikes: {'sell_ce': 23900, 'sell_pe': 23900, 'buy_ce': 24350.0, 'buy_pe': 23500.0}
2026-04-25 10:07:39,162 - INFO - Synchronizing with Live Exchange Quotes to bypass cached API data...
2026-04-25 10:07:39,363 - INFO - Absolute Real-Time Entry Prices: {'sell_ce': 193.45, 'sell_pe': 161.2, 'buy_ce': 48.05, 'buy_pe': 41.9}
2026-04-25 10:07:39,363 - INFO - 🟡 SANDBOX MODE DETECTED: Simulating local paper execution...
2026-04-25 10:07:39,363 - INFO - ✅ Simulated Basket Executed Successfully!
2026-04-25 10:07:39,373 - INFO - Entering live risk monitoring phase...
2026-04-25 10:07:39,373 - INFO - Initializing SDK WebSocket connection for live risk management...
2026-04-25 10:07:39,374 - INFO - WebSocket Connected! Streaming live market data...
2026-04-25 10:07:40,382 - INFO - Websocket connected
2026-04-25 10:08:41,443 - CRITICAL - ☠️ SILENT DEATH DETECTED: No WebSocket ticks received for 60 seconds! Forcing emergency exit.
2026-04-25 10:08:41,595 - CRITICAL - ☠️ WebSocket died for NIFTY. This is NOT a trading loss — attempting reconnection...
2026-04-25 10:08:41,596 - INFO - Cooling down for 30 seconds before reconnection attempt...
2026-04-25 10:09:11,619 - INFO - Deploying fresh Iron Butterfly for NIFTY...
2026-04-25 10:09:11,619 - INFO - Fetching live spot price for NIFTY...
2026-04-25 10:09:11,839 - INFO - Live Spot Price for NIFTY is: 23897.95
2026-04-25 10:09:11,840 - INFO - Fetching option chain for NIFTY expiring on 2026-04-28...
2026-04-25 10:09:12,740 - INFO - 📊 India VIX: 19.71
2026-04-25 10:09:12,742 - INFO - 📊 VIX Profile Selected: HIGH_VIX (VIX=19.71) → Wing δ=12, Target=25%
2026-04-25 10:09:12,742 - INFO - Calculating Iron Butterfly strikes & prices (Wing δ=12)...
2026-04-25 10:09:12,742 - INFO - Selecting protective wings via delta-based method (target δ=12)...
2026-04-25 10:09:12,742 - INFO -   Wing CE: Strike 24350.0, LTP ₹48.05 (via Premium Proxy, target δ=12)
2026-04-25 10:09:12,742 - INFO -   Wing PE: Strike 23500.0, LTP ₹41.90 (via Premium Proxy, target δ=12)
2026-04-25 10:09:12,742 - INFO - Selected Execution Legs: {'sell_ce': 'NSE_FO|72259', 'sell_pe': 'NSE_FO|72260', 'buy_ce': 'NSE_FO|72312', 'buy_pe': 'NSE_FO|72229'}
2026-04-25 10:09:12,742 - INFO - Target Entry Prices: {'sell_ce': 193.45, 'sell_pe': 161.2, 'buy_ce': 48.05, 'buy_pe': 41.9}
2026-04-25 10:09:12,743 - INFO - Selected Strikes: {'sell_ce': 23900, 'sell_pe': 23900, 'buy_ce': 24350.0, 'buy_pe': 23500.0}
2026-04-25 10:09:12,743 - INFO - Synchronizing with Live Exchange Quotes to bypass cached API data...
2026-04-25 10:09:13,193 - INFO - Absolute Real-Time Entry Prices: {'sell_ce': 193.45, 'sell_pe': 161.2, 'buy_ce': 48.05, 'buy_pe': 41.9}
2026-04-25 10:09:13,194 - INFO - 🟡 SANDBOX MODE DETECTED: Simulating local paper execution...
2026-04-25 10:09:13,194 - INFO - ✅ Simulated Basket Executed Successfully!
2026-04-25 10:09:13,204 - INFO - Entering live risk monitoring phase...
2026-04-25 10:09:13,204 - INFO - Initializing SDK WebSocket connection for live risk management...
2026-04-25 10:09:13,206 - INFO - WebSocket Connected! Streaming live market data...
2026-04-25 10:09:14,179 - INFO - Websocket connected
2026-04-25 10:10:15,274 - CRITICAL - ☠️ SILENT DEATH DETECTED: No WebSocket ticks received for 60 seconds! Forcing emergency exit.
2026-04-25 10:10:15,426 - CRITICAL - ☠️ WebSocket died for NIFTY. This is NOT a trading loss — attempting reconnection...
2026-04-25 10:10:15,426 - INFO - Cooling down for 30 seconds before reconnection attempt...
2026-04-25 10:10:45,456 - INFO - Deploying fresh Iron Butterfly for NIFTY...
2026-04-25 10:10:45,457 - INFO - Fetching live spot price for NIFTY...
2026-04-25 10:10:45,722 - INFO - Live Spot Price for NIFTY is: 23897.95
2026-04-25 10:10:45,723 - INFO - Fetching option chain for NIFTY expiring on 2026-04-28...
2026-04-25 10:10:46,294 - INFO - 📊 India VIX: 19.71
2026-04-25 10:10:46,295 - INFO - 📊 VIX Profile Selected: HIGH_VIX (VIX=19.71) → Wing δ=12, Target=25%
2026-04-25 10:10:46,296 - INFO - Calculating Iron Butterfly strikes & prices (Wing δ=12)...
2026-04-25 10:10:46,296 - INFO - Selecting protective wings via delta-based method (target δ=12)...
2026-04-25 10:10:46,296 - INFO -   Wing CE: Strike 24350.0, LTP ₹48.05 (via Premium Proxy, target δ=12)
2026-04-25 10:10:46,296 - INFO -   Wing PE: Strike 23500.0, LTP ₹41.90 (via Premium Proxy, target δ=12)
2026-04-25 10:10:46,296 - INFO - Selected Execution Legs: {'sell_ce': 'NSE_FO|72259', 'sell_pe': 'NSE_FO|72260', 'buy_ce': 'NSE_FO|72312', 'buy_pe': 'NSE_FO|72229'}
2026-04-25 10:10:46,296 - INFO - Target Entry Prices: {'sell_ce': 193.45, 'sell_pe': 161.2, 'buy_ce': 48.05, 'buy_pe': 41.9}
2026-04-25 10:10:46,296 - INFO - Selected Strikes: {'sell_ce': 23900, 'sell_pe': 23900, 'buy_ce': 24350.0, 'buy_pe': 23500.0}
2026-04-25 10:10:46,296 - INFO - Synchronizing with Live Exchange Quotes to bypass cached API data...
2026-04-25 10:10:46,494 - INFO - Absolute Real-Time Entry Prices: {'sell_ce': 193.45, 'sell_pe': 161.2, 'buy_ce': 48.05, 'buy_pe': 41.9}
2026-04-25 10:10:46,494 - INFO - 🟡 SANDBOX MODE DETECTED: Simulating local paper execution...
2026-04-25 10:10:46,495 - INFO - ✅ Simulated Basket Executed Successfully!
2026-04-25 10:10:46,505 - INFO - Entering live risk monitoring phase...
2026-04-25 10:10:46,505 - INFO - Initializing SDK WebSocket connection for live risk management...
2026-04-25 10:10:46,506 - INFO - WebSocket Connected! Streaming live market data...
2026-04-25 10:10:47,496 - INFO - Websocket connected
2026-04-25 10:11:48,575 - CRITICAL - ☠️ SILENT DEATH DETECTED: No WebSocket ticks received for 60 seconds! Forcing emergency exit.
2026-04-25 10:11:48,727 - CRITICAL - ☠️ WebSocket died for NIFTY. This is NOT a trading loss — attempting reconnection...
2026-04-25 10:11:48,727 - INFO - Cooling down for 30 seconds before reconnection attempt...
2026-04-25 10:12:18,730 - INFO - Deploying fresh Iron Butterfly for NIFTY...
2026-04-25 10:12:18,730 - INFO - Fetching live spot price for NIFTY...
2026-04-25 10:12:18,946 - INFO - Live Spot Price for NIFTY is: 23897.95
2026-04-25 10:12:18,947 - INFO - Fetching option chain for NIFTY expiring on 2026-04-28...
2026-04-25 10:12:19,526 - INFO - 📊 India VIX: 19.71
2026-04-25 10:12:19,527 - INFO - 📊 VIX Profile Selected: HIGH_VIX (VIX=19.71) → Wing δ=12, Target=25%
2026-04-25 10:12:19,527 - INFO - Calculating Iron Butterfly strikes & prices (Wing δ=12)...
2026-04-25 10:12:19,527 - INFO - Selecting protective wings via delta-based method (target δ=12)...
2026-04-25 10:12:19,527 - INFO -   Wing CE: Strike 24350.0, LTP ₹48.05 (via Premium Proxy, target δ=12)
2026-04-25 10:12:19,528 - INFO -   Wing PE: Strike 23500.0, LTP ₹41.90 (via Premium Proxy, target δ=12)
2026-04-25 10:12:19,528 - INFO - Selected Execution Legs: {'sell_ce': 'NSE_FO|72259', 'sell_pe': 'NSE_FO|72260', 'buy_ce': 'NSE_FO|72312', 'buy_pe': 'NSE_FO|72229'}
2026-04-25 10:12:19,528 - INFO - Target Entry Prices: {'sell_ce': 193.45, 'sell_pe': 161.2, 'buy_ce': 48.05, 'buy_pe': 41.9}
2026-04-25 10:12:19,528 - INFO - Selected Strikes: {'sell_ce': 23900, 'sell_pe': 23900, 'buy_ce': 24350.0, 'buy_pe': 23500.0}
2026-04-25 10:12:19,528 - INFO - Synchronizing with Live Exchange Quotes to bypass cached API data...
2026-04-25 10:12:19,719 - INFO - Absolute Real-Time Entry Prices: {'sell_ce': 193.45, 'sell_pe': 161.2, 'buy_ce': 48.05, 'buy_pe': 41.9}
2026-04-25 10:12:19,720 - INFO - 🟡 SANDBOX MODE DETECTED: Simulating local paper execution...
2026-04-25 10:12:19,720 - INFO - ✅ Simulated Basket Executed Successfully!
2026-04-25 10:12:19,730 - INFO - Entering live risk monitoring phase...
2026-04-25 10:12:19,730 - INFO - Initializing SDK WebSocket connection for live risk management...
2026-04-25 10:12:19,731 - INFO - WebSocket Connected! Streaming live market data...
2026-04-25 10:12:20,713 - INFO - Websocket connected
2026-04-25 10:13:21,799 - CRITICAL - ☠️ SILENT DEATH DETECTED: No WebSocket ticks received for 60 seconds! Forcing emergency exit.
2026-04-25 10:13:21,951 - CRITICAL - ☠️ WebSocket died for NIFTY. This is NOT a trading loss — attempting reconnection...
2026-04-25 10:13:21,951 - INFO - Cooling down for 30 seconds before reconnection attempt...
2026-04-25 10:13:51,959 - INFO - Deploying fresh Iron Butterfly for NIFTY...
2026-04-25 10:13:51,959 - INFO - Fetching live spot price for NIFTY...
2026-04-25 10:13:52,163 - INFO - Live Spot Price for NIFTY is: 23897.95
2026-04-25 10:13:52,164 - INFO - Fetching option chain for NIFTY expiring on 2026-04-28...
2026-04-25 10:13:52,760 - INFO - 📊 India VIX: 19.71
2026-04-25 10:13:52,762 - INFO - 📊 VIX Profile Selected: HIGH_VIX (VIX=19.71) → Wing δ=12, Target=25%
2026-04-25 10:13:52,762 - INFO - Calculating Iron Butterfly strikes & prices (Wing δ=12)...
2026-04-25 10:13:52,762 - INFO - Selecting protective wings via delta-based method (target δ=12)...
2026-04-25 10:13:52,762 - INFO -   Wing CE: Strike 24350.0, LTP ₹48.05 (via Premium Proxy, target δ=12)
2026-04-25 10:13:52,763 - INFO -   Wing PE: Strike 23500.0, LTP ₹41.90 (via Premium Proxy, target δ=12)
2026-04-25 10:13:52,763 - INFO - Selected Execution Legs: {'sell_ce': 'NSE_FO|72259', 'sell_pe': 'NSE_FO|72260', 'buy_ce': 'NSE_FO|72312', 'buy_pe': 'NSE_FO|72229'}
2026-04-25 10:13:52,763 - INFO - Target Entry Prices: {'sell_ce': 193.45, 'sell_pe': 161.2, 'buy_ce': 48.05, 'buy_pe': 41.9}
2026-04-25 10:13:52,763 - INFO - Selected Strikes: {'sell_ce': 23900, 'sell_pe': 23900, 'buy_ce': 24350.0, 'buy_pe': 23500.0}
2026-04-25 10:13:52,763 - INFO - Synchronizing with Live Exchange Quotes to bypass cached API data...
2026-04-25 10:13:52,959 - INFO - Absolute Real-Time Entry Prices: {'sell_ce': 193.45, 'sell_pe': 161.2, 'buy_ce': 48.05, 'buy_pe': 41.9}
2026-04-25 10:13:52,959 - INFO - 🟡 SANDBOX MODE DETECTED: Simulating local paper execution...
2026-04-25 10:13:52,959 - INFO - ✅ Simulated Basket Executed Successfully!
2026-04-25 10:13:52,970 - INFO - Entering live risk monitoring phase...
2026-04-25 10:13:52,970 - INFO - Initializing SDK WebSocket connection for live risk management...
2026-04-25 10:13:52,971 - INFO - WebSocket Connected! Streaming live market data...
2026-04-25 10:13:53,948 - INFO - Websocket connected
2026-04-25 10:14:55,040 - CRITICAL - ☠️ SILENT DEATH DETECTED: No WebSocket ticks received for 60 seconds! Forcing emergency exit.
2026-04-25 10:14:55,190 - CRITICAL - ☠️ WebSocket died for NIFTY. This is NOT a trading loss — attempting reconnection...
2026-04-25 10:14:55,191 - INFO - Cooling down for 30 seconds before reconnection attempt...
2026-04-25 10:15:25,199 - INFO - Deploying fresh Iron Butterfly for NIFTY...
2026-04-25 10:15:25,199 - INFO - Fetching live spot price for NIFTY...
2026-04-25 10:15:25,413 - INFO - Live Spot Price for NIFTY is: 23897.95
2026-04-25 10:15:25,415 - INFO - Fetching option chain for NIFTY expiring on 2026-04-28...
2026-04-25 10:15:25,998 - INFO - 📊 India VIX: 19.71
2026-04-25 10:15:25,999 - INFO - 📊 VIX Profile Selected: HIGH_VIX (VIX=19.71) → Wing δ=12, Target=25%
2026-04-25 10:15:26,000 - INFO - Calculating Iron Butterfly strikes & prices (Wing δ=12)...
2026-04-25 10:15:26,000 - INFO - Selecting protective wings via delta-based method (target δ=12)...
2026-04-25 10:15:26,000 - INFO -   Wing CE: Strike 24350.0, LTP ₹48.05 (via Premium Proxy, target δ=12)
2026-04-25 10:15:26,000 - INFO -   Wing PE: Strike 23500.0, LTP ₹41.90 (via Premium Proxy, target δ=12)
2026-04-25 10:15:26,000 - INFO - Selected Execution Legs: {'sell_ce': 'NSE_FO|72259', 'sell_pe': 'NSE_FO|72260', 'buy_ce': 'NSE_FO|72312', 'buy_pe': 'NSE_FO|72229'}
2026-04-25 10:15:26,000 - INFO - Target Entry Prices: {'sell_ce': 193.45, 'sell_pe': 161.2, 'buy_ce': 48.05, 'buy_pe': 41.9}
2026-04-25 10:15:26,000 - INFO - Selected Strikes: {'sell_ce': 23900, 'sell_pe': 23900, 'buy_ce': 24350.0, 'buy_pe': 23500.0}
2026-04-25 10:15:26,000 - INFO - Synchronizing with Live Exchange Quotes to bypass cached API data...
2026-04-25 10:15:26,213 - INFO - Absolute Real-Time Entry Prices: {'sell_ce': 193.45, 'sell_pe': 161.2, 'buy_ce': 48.05, 'buy_pe': 41.9}
2026-04-25 10:15:26,214 - INFO - 🟡 SANDBOX MODE DETECTED: Simulating local paper execution...
2026-04-25 10:15:26,214 - INFO - ✅ Simulated Basket Executed Successfully!
2026-04-25 10:15:26,224 - INFO - Entering live risk monitoring phase...
2026-04-25 10:15:26,224 - INFO - Initializing SDK WebSocket connection for live risk management...
2026-04-25 10:15:26,225 - INFO - WebSocket Connected! Streaming live market data...
2026-04-25 10:15:27,244 - INFO - Websocket connected
2026-04-25 10:16:28,294 - CRITICAL - ☠️ SILENT DEATH DETECTED: No WebSocket ticks received for 60 seconds! Forcing emergency exit.
2026-04-25 10:16:28,446 - CRITICAL - ☠️ WebSocket died for NIFTY. This is NOT a trading loss — attempting reconnection...
2026-04-25 10:16:28,446 - INFO - Cooling down for 30 seconds before reconnection attempt...
2026-04-25 10:16:58,476 - INFO - Deploying fresh Iron Butterfly for NIFTY...
2026-04-25 10:16:58,476 - INFO - Fetching live spot price for NIFTY...
2026-04-25 10:16:58,713 - INFO - Live Spot Price for NIFTY is: 23897.95
2026-04-25 10:16:58,714 - INFO - Fetching option chain for NIFTY expiring on 2026-04-28...
2026-04-25 10:16:59,188 - INFO - 📊 India VIX: 19.71
2026-04-25 10:16:59,189 - INFO - 📊 VIX Profile Selected: HIGH_VIX (VIX=19.71) → Wing δ=12, Target=25%
2026-04-25 10:16:59,189 - INFO - Calculating Iron Butterfly strikes & prices (Wing δ=12)...
2026-04-25 10:16:59,190 - INFO - Selecting protective wings via delta-based method (target δ=12)...
2026-04-25 10:16:59,190 - INFO -   Wing CE: Strike 24350.0, LTP ₹48.05 (via Premium Proxy, target δ=12)
2026-04-25 10:16:59,190 - INFO -   Wing PE: Strike 23500.0, LTP ₹41.90 (via Premium Proxy, target δ=12)
2026-04-25 10:16:59,190 - INFO - Selected Execution Legs: {'sell_ce': 'NSE_FO|72259', 'sell_pe': 'NSE_FO|72260', 'buy_ce': 'NSE_FO|72312', 'buy_pe': 'NSE_FO|72229'}
2026-04-25 10:16:59,190 - INFO - Target Entry Prices: {'sell_ce': 193.45, 'sell_pe': 161.2, 'buy_ce': 48.05, 'buy_pe': 41.9}
2026-04-25 10:16:59,190 - INFO - Selected Strikes: {'sell_ce': 23900, 'sell_pe': 23900, 'buy_ce': 24350.0, 'buy_pe': 23500.0}
2026-04-25 10:16:59,190 - INFO - Synchronizing with Live Exchange Quotes to bypass cached API data...
2026-04-25 10:16:59,387 - INFO - Absolute Real-Time Entry Prices: {'sell_ce': 193.45, 'sell_pe': 161.2, 'buy_ce': 48.05, 'buy_pe': 41.9}
2026-04-25 10:16:59,387 - INFO - 🟡 SANDBOX MODE DETECTED: Simulating local paper execution...
2026-04-25 10:16:59,387 - INFO - ✅ Simulated Basket Executed Successfully!
2026-04-25 10:16:59,397 - INFO - Entering live risk monitoring phase...
2026-04-25 10:16:59,397 - INFO - Initializing SDK WebSocket connection for live risk management...
2026-04-25 10:16:59,399 - INFO - WebSocket Connected! Streaming live market data...
2026-04-25 10:17:00,401 - INFO - Websocket connected
2026-04-25 10:18:01,468 - CRITICAL - ☠️ SILENT DEATH DETECTED: No WebSocket ticks received for 60 seconds! Forcing emergency exit.
2026-04-25 10:18:01,624 - CRITICAL - ☠️ WebSocket died for NIFTY. This is NOT a trading loss — attempting reconnection...
2026-04-25 10:18:01,624 - INFO - Cooling down for 30 seconds before reconnection attempt...
2026-04-25 10:18:31,654 - INFO - Deploying fresh Iron Butterfly for NIFTY...
2026-04-25 10:18:31,654 - INFO - Fetching live spot price for NIFTY...
2026-04-25 10:18:32,156 - INFO - Live Spot Price for NIFTY is: 23897.95
2026-04-25 10:18:32,157 - INFO - Fetching option chain for NIFTY expiring on 2026-04-28...
2026-04-25 10:18:32,670 - INFO - 📊 India VIX: 19.71
2026-04-25 10:18:32,671 - INFO - 📊 VIX Profile Selected: HIGH_VIX (VIX=19.71) → Wing δ=12, Target=25%
2026-04-25 10:18:32,672 - INFO - Calculating Iron Butterfly strikes & prices (Wing δ=12)...
2026-04-25 10:18:32,672 - INFO - Selecting protective wings via delta-based method (target δ=12)...
2026-04-25 10:18:32,672 - INFO -   Wing CE: Strike 24350.0, LTP ₹48.05 (via Premium Proxy, target δ=12)
2026-04-25 10:18:32,672 - INFO -   Wing PE: Strike 23500.0, LTP ₹41.90 (via Premium Proxy, target δ=12)
2026-04-25 10:18:32,672 - INFO - Selected Execution Legs: {'sell_ce': 'NSE_FO|72259', 'sell_pe': 'NSE_FO|72260', 'buy_ce': 'NSE_FO|72312', 'buy_pe': 'NSE_FO|72229'}
2026-04-25 10:18:32,672 - INFO - Target Entry Prices: {'sell_ce': 193.45, 'sell_pe': 161.2, 'buy_ce': 48.05, 'buy_pe': 41.9}
2026-04-25 10:18:32,672 - INFO - Selected Strikes: {'sell_ce': 23900, 'sell_pe': 23900, 'buy_ce': 24350.0, 'buy_pe': 23500.0}
2026-04-25 10:18:32,672 - INFO - Synchronizing with Live Exchange Quotes to bypass cached API data...
2026-04-25 10:18:32,883 - INFO - Absolute Real-Time Entry Prices: {'sell_ce': 193.45, 'sell_pe': 161.2, 'buy_ce': 48.05, 'buy_pe': 41.9}
2026-04-25 10:18:32,884 - INFO - 🟡 SANDBOX MODE DETECTED: Simulating local paper execution...
2026-04-25 10:18:32,884 - INFO - ✅ Simulated Basket Executed Successfully!
2026-04-25 10:18:32,895 - INFO - Entering live risk monitoring phase...
2026-04-25 10:18:32,895 - INFO - Initializing SDK WebSocket connection for live risk management...
2026-04-25 10:18:32,896 - INFO - WebSocket Connected! Streaming live market data...
2026-04-25 10:18:34,009 - INFO - Websocket connected
2026-04-25 10:19:34,965 - CRITICAL - ☠️ SILENT DEATH DETECTED: No WebSocket ticks received for 60 seconds! Forcing emergency exit.
2026-04-25 10:19:35,118 - CRITICAL - ☠️ WebSocket died for NIFTY. This is NOT a trading loss — attempting reconnection...
2026-04-25 10:19:35,118 - INFO - Cooling down for 30 seconds before reconnection attempt...
2026-04-25 10:20:05,148 - INFO - Deploying fresh Iron Butterfly for NIFTY...
2026-04-25 10:20:05,148 - INFO - Fetching live spot price for NIFTY...
2026-04-25 10:20:05,374 - INFO - Live Spot Price for NIFTY is: 23897.95
2026-04-25 10:20:05,376 - INFO - Fetching option chain for NIFTY expiring on 2026-04-28...
2026-04-25 10:20:05,968 - INFO - 📊 India VIX: 19.71
2026-04-25 10:20:05,970 - INFO - 📊 VIX Profile Selected: HIGH_VIX (VIX=19.71) → Wing δ=12, Target=25%
2026-04-25 10:20:05,970 - INFO - Calculating Iron Butterfly strikes & prices (Wing δ=12)...
2026-04-25 10:20:05,970 - INFO - Selecting protective wings via delta-based method (target δ=12)...
2026-04-25 10:20:05,970 - INFO -   Wing CE: Strike 24350.0, LTP ₹48.05 (via Premium Proxy, target δ=12)
2026-04-25 10:20:05,970 - INFO -   Wing PE: Strike 23500.0, LTP ₹41.90 (via Premium Proxy, target δ=12)
2026-04-25 10:20:05,971 - INFO - Selected Execution Legs: {'sell_ce': 'NSE_FO|72259', 'sell_pe': 'NSE_FO|72260', 'buy_ce': 'NSE_FO|72312', 'buy_pe': 'NSE_FO|72229'}
2026-04-25 10:20:05,971 - INFO - Target Entry Prices: {'sell_ce': 193.45, 'sell_pe': 161.2, 'buy_ce': 48.05, 'buy_pe': 41.9}
2026-04-25 10:20:05,971 - INFO - Selected Strikes: {'sell_ce': 23900, 'sell_pe': 23900, 'buy_ce': 24350.0, 'buy_pe': 23500.0}
2026-04-25 10:20:05,971 - INFO - Synchronizing with Live Exchange Quotes to bypass cached API data...
2026-04-25 10:20:06,185 - INFO - Absolute Real-Time Entry Prices: {'sell_ce': 193.45, 'sell_pe': 161.2, 'buy_ce': 48.05, 'buy_pe': 41.9}
2026-04-25 10:20:06,185 - INFO - 🟡 SANDBOX MODE DETECTED: Simulating local paper execution...
2026-04-25 10:20:06,186 - INFO - ✅ Simulated Basket Executed Successfully!
2026-04-25 10:20:06,195 - INFO - Entering live risk monitoring phase...
2026-04-25 10:20:06,195 - INFO - Initializing SDK WebSocket connection for live risk management...
2026-04-25 10:20:06,197 - INFO - WebSocket Connected! Streaming live market data...
2026-04-25 10:20:07,196 - INFO - Websocket connected
2026-04-25 10:21:08,264 - CRITICAL - ☠️ SILENT DEATH DETECTED: No WebSocket ticks received for 60 seconds! Forcing emergency exit.
2026-04-25 10:21:08,416 - CRITICAL - ☠️ WebSocket died for NIFTY. This is NOT a trading loss — attempting reconnection...
2026-04-25 10:21:08,416 - INFO - Cooling down for 30 seconds before reconnection attempt...
2026-04-25 10:21:38,446 - INFO - Deploying fresh Iron Butterfly for NIFTY...
2026-04-25 10:21:38,446 - INFO - Fetching live spot price for NIFTY...
2026-04-25 10:21:38,656 - INFO - Live Spot Price for NIFTY is: 23897.95
2026-04-25 10:21:38,657 - INFO - Fetching option chain for NIFTY expiring on 2026-04-28...
2026-04-25 10:21:39,140 - INFO - 📊 India VIX: 19.71
2026-04-25 10:21:39,141 - INFO - 📊 VIX Profile Selected: HIGH_VIX (VIX=19.71) → Wing δ=12, Target=25%
2026-04-25 10:21:39,142 - INFO - Calculating Iron Butterfly strikes & prices (Wing δ=12)...
2026-04-25 10:21:39,142 - INFO - Selecting protective wings via delta-based method (target δ=12)...
2026-04-25 10:21:39,142 - INFO -   Wing CE: Strike 24350.0, LTP ₹48.05 (via Premium Proxy, target δ=12)
2026-04-25 10:21:39,142 - INFO -   Wing PE: Strike 23500.0, LTP ₹41.90 (via Premium Proxy, target δ=12)
2026-04-25 10:21:39,142 - INFO - Selected Execution Legs: {'sell_ce': 'NSE_FO|72259', 'sell_pe': 'NSE_FO|72260', 'buy_ce': 'NSE_FO|72312', 'buy_pe': 'NSE_FO|72229'}
2026-04-25 10:21:39,142 - INFO - Target Entry Prices: {'sell_ce': 193.45, 'sell_pe': 161.2, 'buy_ce': 48.05, 'buy_pe': 41.9}
2026-04-25 10:21:39,142 - INFO - Selected Strikes: {'sell_ce': 23900, 'sell_pe': 23900, 'buy_ce': 24350.0, 'buy_pe': 23500.0}
2026-04-25 10:21:39,142 - INFO - Synchronizing with Live Exchange Quotes to bypass cached API data...
2026-04-25 10:21:39,601 - INFO - Absolute Real-Time Entry Prices: {'sell_ce': 193.45, 'sell_pe': 161.2, 'buy_ce': 48.05, 'buy_pe': 41.9}
2026-04-25 10:21:39,601 - INFO - 🟡 SANDBOX MODE DETECTED: Simulating local paper execution...
2026-04-25 10:21:39,602 - INFO - ✅ Simulated Basket Executed Successfully!
2026-04-25 10:21:39,611 - INFO - Entering live risk monitoring phase...
2026-04-25 10:21:39,611 - INFO - Initializing SDK WebSocket connection for live risk management...
2026-04-25 10:21:39,613 - INFO - WebSocket Connected! Streaming live market data...
2026-04-25 10:21:40,606 - INFO - Websocket connected
2026-04-25 10:22:41,682 - CRITICAL - ☠️ SILENT DEATH DETECTED: No WebSocket ticks received for 60 seconds! Forcing emergency exit.
2026-04-25 10:22:41,835 - CRITICAL - ☠️ WebSocket died for NIFTY. This is NOT a trading loss — attempting reconnection...
2026-04-25 10:22:41,835 - INFO - Cooling down for 30 seconds before reconnection attempt...
2026-04-25 10:23:11,859 - INFO - Deploying fresh Iron Butterfly for NIFTY...
2026-04-25 10:23:11,859 - INFO - Fetching live spot price for NIFTY...
2026-04-25 10:23:12,077 - INFO - Live Spot Price for NIFTY is: 23897.95
2026-04-25 10:23:12,078 - INFO - Fetching option chain for NIFTY expiring on 2026-04-28...
2026-04-25 10:23:12,964 - INFO - 📊 India VIX: 19.71
2026-04-25 10:23:12,966 - INFO - 📊 VIX Profile Selected: HIGH_VIX (VIX=19.71) → Wing δ=12, Target=25%
2026-04-25 10:23:12,966 - INFO - Calculating Iron Butterfly strikes & prices (Wing δ=12)...
2026-04-25 10:23:12,966 - INFO - Selecting protective wings via delta-based method (target δ=12)...
2026-04-25 10:23:12,966 - INFO -   Wing CE: Strike 24350.0, LTP ₹48.05 (via Premium Proxy, target δ=12)
2026-04-25 10:23:12,967 - INFO -   Wing PE: Strike 23500.0, LTP ₹41.90 (via Premium Proxy, target δ=12)
2026-04-25 10:23:12,967 - INFO - Selected Execution Legs: {'sell_ce': 'NSE_FO|72259', 'sell_pe': 'NSE_FO|72260', 'buy_ce': 'NSE_FO|72312', 'buy_pe': 'NSE_FO|72229'}
2026-04-25 10:23:12,967 - INFO - Target Entry Prices: {'sell_ce': 193.45, 'sell_pe': 161.2, 'buy_ce': 48.05, 'buy_pe': 41.9}
2026-04-25 10:23:12,967 - INFO - Selected Strikes: {'sell_ce': 23900, 'sell_pe': 23900, 'buy_ce': 24350.0, 'buy_pe': 23500.0}
2026-04-25 10:23:12,967 - INFO - Synchronizing with Live Exchange Quotes to bypass cached API data...
2026-04-25 10:23:13,181 - INFO - Absolute Real-Time Entry Prices: {'sell_ce': 193.45, 'sell_pe': 161.2, 'buy_ce': 48.05, 'buy_pe': 41.9}
2026-04-25 10:23:13,182 - INFO - 🟡 SANDBOX MODE DETECTED: Simulating local paper execution...
2026-04-25 10:23:13,182 - INFO - ✅ Simulated Basket Executed Successfully!
2026-04-25 10:23:13,192 - INFO - Entering live risk monitoring phase...
2026-04-25 10:23:13,192 - INFO - Initializing SDK WebSocket connection for live risk management...
2026-04-25 10:23:13,194 - INFO - WebSocket Connected! Streaming live market data...
2026-04-25 10:23:14,203 - INFO - Websocket connected
2026-04-25 10:24:15,262 - CRITICAL - ☠️ SILENT DEATH DETECTED: No WebSocket ticks received for 60 seconds! Forcing emergency exit.
2026-04-25 10:24:15,414 - CRITICAL - ☠️ WebSocket died for NIFTY. This is NOT a trading loss — attempting reconnection...
2026-04-25 10:24:15,414 - INFO - Cooling down for 30 seconds before reconnection attempt...
2026-04-25 10:24:45,419 - INFO - Deploying fresh Iron Butterfly for NIFTY...
2026-04-25 10:24:45,419 - INFO - Fetching live spot price for NIFTY...
2026-04-25 10:24:45,618 - INFO - Live Spot Price for NIFTY is: 23897.95
2026-04-25 10:24:45,619 - INFO - Fetching option chain for NIFTY expiring on 2026-04-28...
2026-04-25 10:24:46,524 - INFO - 📊 India VIX: 19.71
2026-04-25 10:24:46,525 - INFO - 📊 VIX Profile Selected: HIGH_VIX (VIX=19.71) → Wing δ=12, Target=25%
2026-04-25 10:24:46,525 - INFO - Calculating Iron Butterfly strikes & prices (Wing δ=12)...
2026-04-25 10:24:46,525 - INFO - Selecting protective wings via delta-based method (target δ=12)...
2026-04-25 10:24:46,525 - INFO -   Wing CE: Strike 24350.0, LTP ₹48.05 (via Premium Proxy, target δ=12)
2026-04-25 10:24:46,526 - INFO -   Wing PE: Strike 23500.0, LTP ₹41.90 (via Premium Proxy, target δ=12)
2026-04-25 10:24:46,526 - INFO - Selected Execution Legs: {'sell_ce': 'NSE_FO|72259', 'sell_pe': 'NSE_FO|72260', 'buy_ce': 'NSE_FO|72312', 'buy_pe': 'NSE_FO|72229'}
2026-04-25 10:24:46,526 - INFO - Target Entry Prices: {'sell_ce': 193.45, 'sell_pe': 161.2, 'buy_ce': 48.05, 'buy_pe': 41.9}
2026-04-25 10:24:46,526 - INFO - Selected Strikes: {'sell_ce': 23900, 'sell_pe': 23900, 'buy_ce': 24350.0, 'buy_pe': 23500.0}
2026-04-25 10:24:46,526 - INFO - Synchronizing with Live Exchange Quotes to bypass cached API data...
2026-04-25 10:24:46,737 - INFO - Absolute Real-Time Entry Prices: {'sell_ce': 193.45, 'sell_pe': 161.2, 'buy_ce': 48.05, 'buy_pe': 41.9}
2026-04-25 10:24:46,738 - INFO - 🟡 SANDBOX MODE DETECTED: Simulating local paper execution...
2026-04-25 10:24:46,738 - INFO - ✅ Simulated Basket Executed Successfully!
2026-04-25 10:24:46,748 - INFO - Entering live risk monitoring phase...
2026-04-25 10:24:46,749 - INFO - Initializing SDK WebSocket connection for live risk management...
2026-04-25 10:24:46,750 - INFO - WebSocket Connected! Streaming live market data...
2026-04-25 10:24:47,731 - INFO - Websocket connected
2026-04-25 10:25:48,819 - CRITICAL - ☠️ SILENT DEATH DETECTED: No WebSocket ticks received for 60 seconds! Forcing emergency exit.
2026-04-25 10:25:48,971 - CRITICAL - ☠️ WebSocket died for NIFTY. This is NOT a trading loss — attempting reconnection...
2026-04-25 10:25:48,971 - INFO - Cooling down for 30 seconds before reconnection attempt...
2026-04-25 10:26:18,999 - INFO - Deploying fresh Iron Butterfly for NIFTY...
2026-04-25 10:26:18,999 - INFO - Fetching live spot price for NIFTY...
2026-04-25 10:26:19,504 - INFO - Live Spot Price for NIFTY is: 23897.95
2026-04-25 10:26:19,506 - INFO - Fetching option chain for NIFTY expiring on 2026-04-28...
2026-04-25 10:26:20,073 - INFO - 📊 India VIX: 19.71
2026-04-25 10:26:20,074 - INFO - 📊 VIX Profile Selected: HIGH_VIX (VIX=19.71) → Wing δ=12, Target=25%
2026-04-25 10:26:20,074 - INFO - Calculating Iron Butterfly strikes & prices (Wing δ=12)...
2026-04-25 10:26:20,074 - INFO - Selecting protective wings via delta-based method (target δ=12)...
2026-04-25 10:26:20,075 - INFO -   Wing CE: Strike 24350.0, LTP ₹48.05 (via Premium Proxy, target δ=12)
2026-04-25 10:26:20,075 - INFO -   Wing PE: Strike 23500.0, LTP ₹41.90 (via Premium Proxy, target δ=12)
2026-04-25 10:26:20,075 - INFO - Selected Execution Legs: {'sell_ce': 'NSE_FO|72259', 'sell_pe': 'NSE_FO|72260', 'buy_ce': 'NSE_FO|72312', 'buy_pe': 'NSE_FO|72229'}
2026-04-25 10:26:20,075 - INFO - Target Entry Prices: {'sell_ce': 193.45, 'sell_pe': 161.2, 'buy_ce': 48.05, 'buy_pe': 41.9}
2026-04-25 10:26:20,075 - INFO - Selected Strikes: {'sell_ce': 23900, 'sell_pe': 23900, 'buy_ce': 24350.0, 'buy_pe': 23500.0}
2026-04-25 10:26:20,075 - INFO - Synchronizing with Live Exchange Quotes to bypass cached API data...
2026-04-25 10:26:20,297 - INFO - Absolute Real-Time Entry Prices: {'sell_ce': 193.45, 'sell_pe': 161.2, 'buy_ce': 48.05, 'buy_pe': 41.9}
2026-04-25 10:26:20,297 - INFO - 🟡 SANDBOX MODE DETECTED: Simulating local paper execution...
2026-04-25 10:26:20,297 - INFO - ✅ Simulated Basket Executed Successfully!
2026-04-25 10:26:20,309 - INFO - Entering live risk monitoring phase...
2026-04-25 10:26:20,309 - INFO - Initializing SDK WebSocket connection for live risk management...
2026-04-25 10:26:20,310 - INFO - WebSocket Connected! Streaming live market data...
2026-04-25 10:26:21,348 - INFO - Websocket connected
2026-04-25 10:27:22,379 - CRITICAL - ☠️ SILENT DEATH DETECTED: No WebSocket ticks received for 60 seconds! Forcing emergency exit.
2026-04-25 10:27:22,533 - CRITICAL - ☠️ WebSocket died for NIFTY. This is NOT a trading loss — attempting reconnection...
2026-04-25 10:27:22,533 - INFO - Cooling down for 30 seconds before reconnection attempt...
2026-04-25 10:27:52,564 - INFO - Deploying fresh Iron Butterfly for NIFTY...
2026-04-25 10:27:52,564 - INFO - Fetching live spot price for NIFTY...
2026-04-25 10:27:52,768 - INFO - Live Spot Price for NIFTY is: 23897.95
2026-04-25 10:27:52,769 - INFO - Fetching option chain for NIFTY expiring on 2026-04-28...
2026-04-25 10:27:53,225 - INFO - 📊 India VIX: 19.71
2026-04-25 10:27:53,226 - INFO - 📊 VIX Profile Selected: HIGH_VIX (VIX=19.71) → Wing δ=12, Target=25%
2026-04-25 10:27:53,227 - INFO - Calculating Iron Butterfly strikes & prices (Wing δ=12)...
2026-04-25 10:27:53,227 - INFO - Selecting protective wings via delta-based method (target δ=12)...
2026-04-25 10:27:53,227 - INFO -   Wing CE: Strike 24350.0, LTP ₹48.05 (via Premium Proxy, target δ=12)
2026-04-25 10:27:53,227 - INFO -   Wing PE: Strike 23500.0, LTP ₹41.90 (via Premium Proxy, target δ=12)
2026-04-25 10:27:53,227 - INFO - Selected Execution Legs: {'sell_ce': 'NSE_FO|72259', 'sell_pe': 'NSE_FO|72260', 'buy_ce': 'NSE_FO|72312', 'buy_pe': 'NSE_FO|72229'}
2026-04-25 10:27:53,227 - INFO - Target Entry Prices: {'sell_ce': 193.45, 'sell_pe': 161.2, 'buy_ce': 48.05, 'buy_pe': 41.9}
2026-04-25 10:27:53,227 - INFO - Selected Strikes: {'sell_ce': 23900, 'sell_pe': 23900, 'buy_ce': 24350.0, 'buy_pe': 23500.0}
2026-04-25 10:27:53,227 - INFO - Synchronizing with Live Exchange Quotes to bypass cached API data...
2026-04-25 10:27:53,443 - INFO - Absolute Real-Time Entry Prices: {'sell_ce': 193.45, 'sell_pe': 161.2, 'buy_ce': 48.05, 'buy_pe': 41.9}
2026-04-25 10:27:53,443 - INFO - 🟡 SANDBOX MODE DETECTED: Simulating local paper execution...
2026-04-25 10:27:53,443 - INFO - ✅ Simulated Basket Executed Successfully!
2026-04-25 10:27:53,453 - INFO - Entering live risk monitoring phase...
2026-04-25 10:27:53,453 - INFO - Initializing SDK WebSocket connection for live risk management...
2026-04-25 10:27:53,454 - INFO - WebSocket Connected! Streaming live market data...
2026-04-25 10:27:54,434 - INFO - Websocket connected
2026-04-25 10:28:55,523 - CRITICAL - ☠️ SILENT DEATH DETECTED: No WebSocket ticks received for 60 seconds! Forcing emergency exit.
2026-04-25 10:28:55,676 - CRITICAL - ☠️ WebSocket died for NIFTY. This is NOT a trading loss — attempting reconnection...
2026-04-25 10:28:55,676 - INFO - Cooling down for 30 seconds before reconnection attempt...
2026-04-25 10:29:25,699 - INFO - Deploying fresh Iron Butterfly for NIFTY...
2026-04-25 10:29:25,699 - INFO - Fetching live spot price for NIFTY...
2026-04-25 10:29:25,948 - INFO - Live Spot Price for NIFTY is: 23897.95
2026-04-25 10:29:25,949 - INFO - Fetching option chain for NIFTY expiring on 2026-04-28...
2026-04-25 10:29:26,500 - INFO - 📊 India VIX: 19.71
2026-04-25 10:29:26,502 - INFO - 📊 VIX Profile Selected: HIGH_VIX (VIX=19.71) → Wing δ=12, Target=25%
2026-04-25 10:29:26,502 - INFO - Calculating Iron Butterfly strikes & prices (Wing δ=12)...
2026-04-25 10:29:26,502 - INFO - Selecting protective wings via delta-based method (target δ=12)...
2026-04-25 10:29:26,502 - INFO -   Wing CE: Strike 24350.0, LTP ₹48.05 (via Premium Proxy, target δ=12)
2026-04-25 10:29:26,503 - INFO -   Wing PE: Strike 23500.0, LTP ₹41.90 (via Premium Proxy, target δ=12)
2026-04-25 10:29:26,503 - INFO - Selected Execution Legs: {'sell_ce': 'NSE_FO|72259', 'sell_pe': 'NSE_FO|72260', 'buy_ce': 'NSE_FO|72312', 'buy_pe': 'NSE_FO|72229'}
2026-04-25 10:29:26,503 - INFO - Target Entry Prices: {'sell_ce': 193.45, 'sell_pe': 161.2, 'buy_ce': 48.05, 'buy_pe': 41.9}
2026-04-25 10:29:26,503 - INFO - Selected Strikes: {'sell_ce': 23900, 'sell_pe': 23900, 'buy_ce': 24350.0, 'buy_pe': 23500.0}
2026-04-25 10:29:26,503 - INFO - Synchronizing with Live Exchange Quotes to bypass cached API data...
2026-04-25 10:29:26,702 - INFO - Absolute Real-Time Entry Prices: {'sell_ce': 193.45, 'sell_pe': 161.2, 'buy_ce': 48.05, 'buy_pe': 41.9}
2026-04-25 10:29:26,703 - INFO - 🟡 SANDBOX MODE DETECTED: Simulating local paper execution...
2026-04-25 10:29:26,703 - INFO - ✅ Simulated Basket Executed Successfully!
2026-04-25 10:29:26,714 - INFO - Entering live risk monitoring phase...
2026-04-25 10:29:26,714 - INFO - Initializing SDK WebSocket connection for live risk management...
2026-04-25 10:29:26,716 - INFO - WebSocket Connected! Streaming live market data...
2026-04-25 10:29:27,686 - INFO - Websocket connected
2026-04-25 10:30:28,786 - CRITICAL - ☠️ SILENT DEATH DETECTED: No WebSocket ticks received for 60 seconds! Forcing emergency exit.
2026-04-25 10:30:28,938 - CRITICAL - ☠️ WebSocket died for NIFTY. This is NOT a trading loss — attempting reconnection...
2026-04-25 10:30:28,938 - INFO - Cooling down for 30 seconds before reconnection attempt...
2026-04-25 10:30:58,939 - INFO - Deploying fresh Iron Butterfly for NIFTY...
2026-04-25 10:30:58,939 - INFO - Fetching live spot price for NIFTY...
2026-04-25 10:30:59,151 - INFO - Live Spot Price for NIFTY is: 23897.95
2026-04-25 10:30:59,153 - INFO - Fetching option chain for NIFTY expiring on 2026-04-28...
2026-04-25 10:30:59,633 - INFO - 📊 India VIX: 19.71
2026-04-25 10:30:59,635 - INFO - 📊 VIX Profile Selected: HIGH_VIX (VIX=19.71) → Wing δ=12, Target=25%
2026-04-25 10:30:59,635 - INFO - Calculating Iron Butterfly strikes & prices (Wing δ=12)...
2026-04-25 10:30:59,635 - INFO - Selecting protective wings via delta-based method (target δ=12)...
2026-04-25 10:30:59,636 - INFO -   Wing CE: Strike 24350.0, LTP ₹48.05 (via Premium Proxy, target δ=12)
2026-04-25 10:30:59,636 - INFO -   Wing PE: Strike 23500.0, LTP ₹41.90 (via Premium Proxy, target δ=12)
2026-04-25 10:30:59,636 - INFO - Selected Execution Legs: {'sell_ce': 'NSE_FO|72259', 'sell_pe': 'NSE_FO|72260', 'buy_ce': 'NSE_FO|72312', 'buy_pe': 'NSE_FO|72229'}
2026-04-25 10:30:59,636 - INFO - Target Entry Prices: {'sell_ce': 193.45, 'sell_pe': 161.2, 'buy_ce': 48.05, 'buy_pe': 41.9}
2026-04-25 10:30:59,636 - INFO - Selected Strikes: {'sell_ce': 23900, 'sell_pe': 23900, 'buy_ce': 24350.0, 'buy_pe': 23500.0}
2026-04-25 10:30:59,636 - INFO - Synchronizing with Live Exchange Quotes to bypass cached API data...
2026-04-25 10:30:59,851 - INFO - Absolute Real-Time Entry Prices: {'sell_ce': 193.45, 'sell_pe': 161.2, 'buy_ce': 48.05, 'buy_pe': 41.9}
2026-04-25 10:30:59,852 - INFO - 🟡 SANDBOX MODE DETECTED: Simulating local paper execution...
2026-04-25 10:30:59,852 - INFO - ✅ Simulated Basket Executed Successfully!
2026-04-25 10:30:59,863 - INFO - Entering live risk monitoring phase...
2026-04-25 10:30:59,863 - INFO - Initializing SDK WebSocket connection for live risk management...
2026-04-25 10:30:59,865 - INFO - WebSocket Connected! Streaming live market data...
2026-04-25 10:31:00,855 - INFO - Websocket connected
2026-04-25 10:32:01,935 - CRITICAL - ☠️ SILENT DEATH DETECTED: No WebSocket ticks received for 60 seconds! Forcing emergency exit.
2026-04-25 10:32:02,088 - CRITICAL - ☠️ WebSocket died for NIFTY. This is NOT a trading loss — attempting reconnection...
2026-04-25 10:32:02,088 - INFO - Cooling down for 30 seconds before reconnection attempt...
2026-04-25 10:32:32,118 - INFO - Deploying fresh Iron Butterfly for NIFTY...
2026-04-25 10:32:32,118 - INFO - Fetching live spot price for NIFTY...
2026-04-25 10:32:32,333 - INFO - Live Spot Price for NIFTY is: 23897.95
2026-04-25 10:32:32,334 - INFO - Fetching option chain for NIFTY expiring on 2026-04-28...
2026-04-25 10:32:32,949 - INFO - 📊 India VIX: 19.71
2026-04-25 10:32:32,951 - INFO - 📊 VIX Profile Selected: HIGH_VIX (VIX=19.71) → Wing δ=12, Target=25%
2026-04-25 10:32:32,951 - INFO - Calculating Iron Butterfly strikes & prices (Wing δ=12)...
2026-04-25 10:32:32,951 - INFO - Selecting protective wings via delta-based method (target δ=12)...
2026-04-25 10:32:32,952 - INFO -   Wing CE: Strike 24350.0, LTP ₹48.05 (via Premium Proxy, target δ=12)
2026-04-25 10:32:32,952 - INFO -   Wing PE: Strike 23500.0, LTP ₹41.90 (via Premium Proxy, target δ=12)
2026-04-25 10:32:32,952 - INFO - Selected Execution Legs: {'sell_ce': 'NSE_FO|72259', 'sell_pe': 'NSE_FO|72260', 'buy_ce': 'NSE_FO|72312', 'buy_pe': 'NSE_FO|72229'}
2026-04-25 10:32:32,952 - INFO - Target Entry Prices: {'sell_ce': 193.45, 'sell_pe': 161.2, 'buy_ce': 48.05, 'buy_pe': 41.9}
2026-04-25 10:32:32,952 - INFO - Selected Strikes: {'sell_ce': 23900, 'sell_pe': 23900, 'buy_ce': 24350.0, 'buy_pe': 23500.0}
2026-04-25 10:32:32,952 - INFO - Synchronizing with Live Exchange Quotes to bypass cached API data...
2026-04-25 10:32:33,454 - INFO - Absolute Real-Time Entry Prices: {'sell_ce': 193.45, 'sell_pe': 161.2, 'buy_ce': 48.05, 'buy_pe': 41.9}
2026-04-25 10:32:33,455 - INFO - 🟡 SANDBOX MODE DETECTED: Simulating local paper execution...
2026-04-25 10:32:33,455 - INFO - ✅ Simulated Basket Executed Successfully!
2026-04-25 10:32:33,467 - INFO - Entering live risk monitoring phase...
2026-04-25 10:32:33,467 - INFO - Initializing SDK WebSocket connection for live risk management...
2026-04-25 10:32:33,469 - INFO - WebSocket Connected! Streaming live market data...
2026-04-25 10:32:34,457 - INFO - Websocket connected
2026-04-25 10:33:35,536 - CRITICAL - ☠️ SILENT DEATH DETECTED: No WebSocket ticks received for 60 seconds! Forcing emergency exit.
2026-04-25 10:33:35,689 - CRITICAL - ☠️ WebSocket died for NIFTY. This is NOT a trading loss — attempting reconnection...
2026-04-25 10:33:35,689 - INFO - Cooling down for 30 seconds before reconnection attempt...
2026-04-25 10:34:05,719 - INFO - Deploying fresh Iron Butterfly for NIFTY...
2026-04-25 10:34:05,719 - INFO - Fetching live spot price for NIFTY...
2026-04-25 10:34:05,927 - INFO - Live Spot Price for NIFTY is: 23897.95
2026-04-25 10:34:05,928 - INFO - Fetching option chain for NIFTY expiring on 2026-04-28...
2026-04-25 10:34:07,077 - INFO - 📊 India VIX: 19.71
2026-04-25 10:34:07,078 - INFO - 📊 VIX Profile Selected: HIGH_VIX (VIX=19.71) → Wing δ=12, Target=25%
2026-04-25 10:34:07,079 - INFO - Calculating Iron Butterfly strikes & prices (Wing δ=12)...
2026-04-25 10:34:07,079 - INFO - Selecting protective wings via delta-based method (target δ=12)...
2026-04-25 10:34:07,079 - INFO -   Wing CE: Strike 24350.0, LTP ₹48.05 (via Premium Proxy, target δ=12)
2026-04-25 10:34:07,079 - INFO -   Wing PE: Strike 23500.0, LTP ₹41.90 (via Premium Proxy, target δ=12)
2026-04-25 10:34:07,079 - INFO - Selected Execution Legs: {'sell_ce': 'NSE_FO|72259', 'sell_pe': 'NSE_FO|72260', 'buy_ce': 'NSE_FO|72312', 'buy_pe': 'NSE_FO|72229'}
2026-04-25 10:34:07,079 - INFO - Target Entry Prices: {'sell_ce': 193.45, 'sell_pe': 161.2, 'buy_ce': 48.05, 'buy_pe': 41.9}
2026-04-25 10:34:07,079 - INFO - Selected Strikes: {'sell_ce': 23900, 'sell_pe': 23900, 'buy_ce': 24350.0, 'buy_pe': 23500.0}
2026-04-25 10:34:07,079 - INFO - Synchronizing with Live Exchange Quotes to bypass cached API data...
2026-04-25 10:34:07,273 - INFO - Absolute Real-Time Entry Prices: {'sell_ce': 193.45, 'sell_pe': 161.2, 'buy_ce': 48.05, 'buy_pe': 41.9}
2026-04-25 10:34:07,274 - INFO - 🟡 SANDBOX MODE DETECTED: Simulating local paper execution...
2026-04-25 10:34:07,274 - INFO - ✅ Simulated Basket Executed Successfully!
2026-04-25 10:34:07,284 - INFO - Entering live risk monitoring phase...
2026-04-25 10:34:07,285 - INFO - Initializing SDK WebSocket connection for live risk management...
2026-04-25 10:34:07,286 - INFO - WebSocket Connected! Streaming live market data...
2026-04-25 10:34:08,259 - INFO - Websocket connected
2026-04-25 10:35:09,355 - CRITICAL - ☠️ SILENT DEATH DETECTED: No WebSocket ticks received for 60 seconds! Forcing emergency exit.
2026-04-25 10:35:09,508 - CRITICAL - ☠️ WebSocket died for NIFTY. This is NOT a trading loss — attempting reconnection...
2026-04-25 10:35:09,508 - INFO - Cooling down for 30 seconds before reconnection attempt...
2026-04-25 10:35:39,538 - INFO - Deploying fresh Iron Butterfly for NIFTY...
2026-04-25 10:35:39,538 - INFO - Fetching live spot price for NIFTY...
2026-04-25 10:35:39,778 - INFO - Live Spot Price for NIFTY is: 23897.95
2026-04-25 10:35:39,779 - INFO - Fetching option chain for NIFTY expiring on 2026-04-28...
2026-04-25 10:35:40,919 - INFO - 📊 India VIX: 19.71
2026-04-25 10:35:40,920 - INFO - 📊 VIX Profile Selected: HIGH_VIX (VIX=19.71) → Wing δ=12, Target=25%
2026-04-25 10:35:40,921 - INFO - Calculating Iron Butterfly strikes & prices (Wing δ=12)...
2026-04-25 10:35:40,921 - INFO - Selecting protective wings via delta-based method (target δ=12)...
2026-04-25 10:35:40,921 - INFO -   Wing CE: Strike 24350.0, LTP ₹48.05 (via Premium Proxy, target δ=12)
2026-04-25 10:35:40,921 - INFO -   Wing PE: Strike 23500.0, LTP ₹41.90 (via Premium Proxy, target δ=12)
2026-04-25 10:35:40,921 - INFO - Selected Execution Legs: {'sell_ce': 'NSE_FO|72259', 'sell_pe': 'NSE_FO|72260', 'buy_ce': 'NSE_FO|72312', 'buy_pe': 'NSE_FO|72229'}
2026-04-25 10:35:40,921 - INFO - Target Entry Prices: {'sell_ce': 193.45, 'sell_pe': 161.2, 'buy_ce': 48.05, 'buy_pe': 41.9}
2026-04-25 10:35:40,921 - INFO - Selected Strikes: {'sell_ce': 23900, 'sell_pe': 23900, 'buy_ce': 24350.0, 'buy_pe': 23500.0}
2026-04-25 10:35:40,921 - INFO - Synchronizing with Live Exchange Quotes to bypass cached API data...
2026-04-25 10:35:41,142 - INFO - Absolute Real-Time Entry Prices: {'sell_ce': 193.45, 'sell_pe': 161.2, 'buy_ce': 48.05, 'buy_pe': 41.9}
2026-04-25 10:35:41,143 - INFO - 🟡 SANDBOX MODE DETECTED: Simulating local paper execution...
2026-04-25 10:35:41,143 - INFO - ✅ Simulated Basket Executed Successfully!
2026-04-25 10:35:41,153 - INFO - Entering live risk monitoring phase...
2026-04-25 10:35:41,153 - INFO - Initializing SDK WebSocket connection for live risk management...
2026-04-25 10:35:41,155 - INFO - WebSocket Connected! Streaming live market data...
2026-04-25 10:35:42,141 - INFO - Websocket connected
2026-04-25 10:36:43,224 - CRITICAL - ☠️ SILENT DEATH DETECTED: No WebSocket ticks received for 60 seconds! Forcing emergency exit.
2026-04-25 10:36:43,380 - CRITICAL - ☠️ WebSocket died for NIFTY. This is NOT a trading loss — attempting reconnection...
2026-04-25 10:36:43,380 - INFO - Cooling down for 30 seconds before reconnection attempt...
2026-04-25 10:37:13,399 - INFO - Deploying fresh Iron Butterfly for NIFTY...
2026-04-25 10:37:13,399 - INFO - Fetching live spot price for NIFTY...
2026-04-25 10:37:13,607 - INFO - Live Spot Price for NIFTY is: 23897.95
2026-04-25 10:37:13,608 - INFO - Fetching option chain for NIFTY expiring on 2026-04-28...
2026-04-25 10:37:14,139 - INFO - 📊 India VIX: 19.71
2026-04-25 10:37:14,141 - INFO - 📊 VIX Profile Selected: HIGH_VIX (VIX=19.71) → Wing δ=12, Target=25%
2026-04-25 10:37:14,141 - INFO - Calculating Iron Butterfly strikes & prices (Wing δ=12)...
2026-04-25 10:37:14,141 - INFO - Selecting protective wings via delta-based method (target δ=12)...
2026-04-25 10:37:14,141 - INFO -   Wing CE: Strike 24350.0, LTP ₹48.05 (via Premium Proxy, target δ=12)
2026-04-25 10:37:14,142 - INFO -   Wing PE: Strike 23500.0, LTP ₹41.90 (via Premium Proxy, target δ=12)
2026-04-25 10:37:14,142 - INFO - Selected Execution Legs: {'sell_ce': 'NSE_FO|72259', 'sell_pe': 'NSE_FO|72260', 'buy_ce': 'NSE_FO|72312', 'buy_pe': 'NSE_FO|72229'}
2026-04-25 10:37:14,142 - INFO - Target Entry Prices: {'sell_ce': 193.45, 'sell_pe': 161.2, 'buy_ce': 48.05, 'buy_pe': 41.9}
2026-04-25 10:37:14,142 - INFO - Selected Strikes: {'sell_ce': 23900, 'sell_pe': 23900, 'buy_ce': 24350.0, 'buy_pe': 23500.0}
2026-04-25 10:37:14,142 - INFO - Synchronizing with Live Exchange Quotes to bypass cached API data...
2026-04-25 10:37:14,338 - INFO - Absolute Real-Time Entry Prices: {'sell_ce': 193.45, 'sell_pe': 161.2, 'buy_ce': 48.05, 'buy_pe': 41.9}
2026-04-25 10:37:14,339 - INFO - 🟡 SANDBOX MODE DETECTED: Simulating local paper execution...
2026-04-25 10:37:14,339 - INFO - ✅ Simulated Basket Executed Successfully!
2026-04-25 10:37:14,349 - INFO - Entering live risk monitoring phase...
2026-04-25 10:37:14,349 - INFO - Initializing SDK WebSocket connection for live risk management...
2026-04-25 10:37:14,350 - INFO - WebSocket Connected! Streaming live market data...
2026-04-25 10:37:15,338 - INFO - Websocket connected
2026-04-25 10:38:16,419 - CRITICAL - ☠️ SILENT DEATH DETECTED: No WebSocket ticks received for 60 seconds! Forcing emergency exit.
2026-04-25 10:38:16,573 - CRITICAL - ☠️ WebSocket died for NIFTY. This is NOT a trading loss — attempting reconnection...
2026-04-25 10:38:16,573 - INFO - Cooling down for 30 seconds before reconnection attempt...
2026-04-25 10:38:46,579 - INFO - Deploying fresh Iron Butterfly for NIFTY...
2026-04-25 10:38:46,579 - INFO - Fetching live spot price for NIFTY...
2026-04-25 10:38:46,787 - INFO - Live Spot Price for NIFTY is: 23897.95
2026-04-25 10:38:46,788 - INFO - Fetching option chain for NIFTY expiring on 2026-04-28...
2026-04-25 10:38:47,293 - INFO - 📊 India VIX: 19.71
2026-04-25 10:38:47,295 - INFO - 📊 VIX Profile Selected: HIGH_VIX (VIX=19.71) → Wing δ=12, Target=25%
2026-04-25 10:38:47,295 - INFO - Calculating Iron Butterfly strikes & prices (Wing δ=12)...
2026-04-25 10:38:47,295 - INFO - Selecting protective wings via delta-based method (target δ=12)...
2026-04-25 10:38:47,295 - INFO -   Wing CE: Strike 24350.0, LTP ₹48.05 (via Premium Proxy, target δ=12)
2026-04-25 10:38:47,295 - INFO -   Wing PE: Strike 23500.0, LTP ₹41.90 (via Premium Proxy, target δ=12)
2026-04-25 10:38:47,295 - INFO - Selected Execution Legs: {'sell_ce': 'NSE_FO|72259', 'sell_pe': 'NSE_FO|72260', 'buy_ce': 'NSE_FO|72312', 'buy_pe': 'NSE_FO|72229'}
2026-04-25 10:38:47,296 - INFO - Target Entry Prices: {'sell_ce': 193.45, 'sell_pe': 161.2, 'buy_ce': 48.05, 'buy_pe': 41.9}
2026-04-25 10:38:47,296 - INFO - Selected Strikes: {'sell_ce': 23900, 'sell_pe': 23900, 'buy_ce': 24350.0, 'buy_pe': 23500.0}
2026-04-25 10:38:47,296 - INFO - Synchronizing with Live Exchange Quotes to bypass cached API data...
2026-04-25 10:38:47,491 - INFO - Absolute Real-Time Entry Prices: {'sell_ce': 193.45, 'sell_pe': 161.2, 'buy_ce': 48.05, 'buy_pe': 41.9}
2026-04-25 10:38:47,492 - INFO - 🟡 SANDBOX MODE DETECTED: Simulating local paper execution...
2026-04-25 10:38:47,492 - INFO - ✅ Simulated Basket Executed Successfully!
2026-04-25 10:38:47,501 - INFO - Entering live risk monitoring phase...
2026-04-25 10:38:47,502 - INFO - Initializing SDK WebSocket connection for live risk management...
2026-04-25 10:38:47,503 - INFO - WebSocket Connected! Streaming live market data...
2026-04-25 10:38:48,485 - INFO - Websocket connected
2026-04-25 10:39:49,572 - CRITICAL - ☠️ SILENT DEATH DETECTED: No WebSocket ticks received for 60 seconds! Forcing emergency exit.
2026-04-25 10:39:49,724 - CRITICAL - ☠️ WebSocket died for NIFTY. This is NOT a trading loss — attempting reconnection...
2026-04-25 10:39:49,724 - INFO - Cooling down for 30 seconds before reconnection attempt...
2026-04-25 10:40:19,755 - INFO - Deploying fresh Iron Butterfly for NIFTY...
2026-04-25 10:40:19,755 - INFO - Fetching live spot price for NIFTY...
2026-04-25 10:40:19,948 - INFO - Live Spot Price for NIFTY is: 23897.95
2026-04-25 10:40:19,949 - INFO - Fetching option chain for NIFTY expiring on 2026-04-28...
2026-04-25 10:40:20,791 - INFO - 📊 India VIX: 19.71
2026-04-25 10:40:20,792 - INFO - 📊 VIX Profile Selected: HIGH_VIX (VIX=19.71) → Wing δ=12, Target=25%
2026-04-25 10:40:20,792 - INFO - Calculating Iron Butterfly strikes & prices (Wing δ=12)...
2026-04-25 10:40:20,792 - INFO - Selecting protective wings via delta-based method (target δ=12)...
2026-04-25 10:40:20,793 - INFO -   Wing CE: Strike 24350.0, LTP ₹48.05 (via Premium Proxy, target δ=12)
2026-04-25 10:40:20,793 - INFO -   Wing PE: Strike 23500.0, LTP ₹41.90 (via Premium Proxy, target δ=12)
2026-04-25 10:40:20,793 - INFO - Selected Execution Legs: {'sell_ce': 'NSE_FO|72259', 'sell_pe': 'NSE_FO|72260', 'buy_ce': 'NSE_FO|72312', 'buy_pe': 'NSE_FO|72229'}
2026-04-25 10:40:20,793 - INFO - Target Entry Prices: {'sell_ce': 193.45, 'sell_pe': 161.2, 'buy_ce': 48.05, 'buy_pe': 41.9}
2026-04-25 10:40:20,793 - INFO - Selected Strikes: {'sell_ce': 23900, 'sell_pe': 23900, 'buy_ce': 24350.0, 'buy_pe': 23500.0}
2026-04-25 10:40:20,793 - INFO - Synchronizing with Live Exchange Quotes to bypass cached API data...
2026-04-25 10:40:21,006 - INFO - Absolute Real-Time Entry Prices: {'sell_ce': 193.45, 'sell_pe': 161.2, 'buy_ce': 48.05, 'buy_pe': 41.9}
2026-04-25 10:40:21,007 - INFO - 🟡 SANDBOX MODE DETECTED: Simulating local paper execution...
2026-04-25 10:40:21,007 - INFO - ✅ Simulated Basket Executed Successfully!
2026-04-25 10:40:21,017 - INFO - Entering live risk monitoring phase...
2026-04-25 10:40:21,017 - INFO - Initializing SDK WebSocket connection for live risk management...
2026-04-25 10:40:21,019 - INFO - WebSocket Connected! Streaming live market data...
2026-04-25 10:40:22,016 - INFO - Websocket connected
2026-04-25 10:41:23,087 - CRITICAL - ☠️ SILENT DEATH DETECTED: No WebSocket ticks received for 60 seconds! Forcing emergency exit.
2026-04-25 10:41:23,242 - CRITICAL - ☠️ WebSocket died for NIFTY. This is NOT a trading loss — attempting reconnection...
2026-04-25 10:41:23,243 - INFO - Cooling down for 30 seconds before reconnection attempt...
2026-04-25 10:41:53,259 - INFO - Deploying fresh Iron Butterfly for NIFTY...
2026-04-25 10:41:53,259 - INFO - Fetching live spot price for NIFTY...
2026-04-25 10:41:53,493 - INFO - Live Spot Price for NIFTY is: 23897.95
2026-04-25 10:41:53,495 - INFO - Fetching option chain for NIFTY expiring on 2026-04-28...
2026-04-25 10:41:53,978 - INFO - 📊 India VIX: 19.71
2026-04-25 10:41:53,980 - INFO - 📊 VIX Profile Selected: HIGH_VIX (VIX=19.71) → Wing δ=12, Target=25%
2026-04-25 10:41:53,980 - INFO - Calculating Iron Butterfly strikes & prices (Wing δ=12)...
2026-04-25 10:41:53,980 - INFO - Selecting protective wings via delta-based method (target δ=12)...
2026-04-25 10:41:53,980 - INFO -   Wing CE: Strike 24350.0, LTP ₹48.05 (via Premium Proxy, target δ=12)
2026-04-25 10:41:53,981 - INFO -   Wing PE: Strike 23500.0, LTP ₹41.90 (via Premium Proxy, target δ=12)
2026-04-25 10:41:53,981 - INFO - Selected Execution Legs: {'sell_ce': 'NSE_FO|72259', 'sell_pe': 'NSE_FO|72260', 'buy_ce': 'NSE_FO|72312', 'buy_pe': 'NSE_FO|72229'}
2026-04-25 10:41:53,981 - INFO - Target Entry Prices: {'sell_ce': 193.45, 'sell_pe': 161.2, 'buy_ce': 48.05, 'buy_pe': 41.9}
2026-04-25 10:41:53,981 - INFO - Selected Strikes: {'sell_ce': 23900, 'sell_pe': 23900, 'buy_ce': 24350.0, 'buy_pe': 23500.0}
2026-04-25 10:41:53,981 - INFO - Synchronizing with Live Exchange Quotes to bypass cached API data...
2026-04-25 10:41:54,180 - INFO - Absolute Real-Time Entry Prices: {'sell_ce': 193.45, 'sell_pe': 161.2, 'buy_ce': 48.05, 'buy_pe': 41.9}
2026-04-25 10:41:54,181 - INFO - 🟡 SANDBOX MODE DETECTED: Simulating local paper execution...
2026-04-25 10:41:54,181 - INFO - ✅ Simulated Basket Executed Successfully!
2026-04-25 10:41:54,190 - INFO - Entering live risk monitoring phase...
2026-04-25 10:41:54,190 - INFO - Initializing SDK WebSocket connection for live risk management...
2026-04-25 10:41:54,192 - INFO - WebSocket Connected! Streaming live market data...
2026-04-25 10:41:55,180 - INFO - Websocket connected
2026-04-25 10:42:56,260 - CRITICAL - ☠️ SILENT DEATH DETECTED: No WebSocket ticks received for 60 seconds! Forcing emergency exit.
2026-04-25 10:42:56,412 - CRITICAL - ☠️ WebSocket died for NIFTY. This is NOT a trading loss — attempting reconnection...
2026-04-25 10:42:56,412 - INFO - Cooling down for 30 seconds before reconnection attempt...
2026-04-25 10:43:26,442 - INFO - Deploying fresh Iron Butterfly for NIFTY...
2026-04-25 10:43:26,442 - INFO - Fetching live spot price for NIFTY...
2026-04-25 10:43:26,648 - INFO - Live Spot Price for NIFTY is: 23897.95
2026-04-25 10:43:26,650 - INFO - Fetching option chain for NIFTY expiring on 2026-04-28...
2026-04-25 10:43:29,040 - INFO - 📊 India VIX: 19.71
2026-04-25 10:43:29,042 - INFO - 📊 VIX Profile Selected: HIGH_VIX (VIX=19.71) → Wing δ=12, Target=25%
2026-04-25 10:43:29,042 - INFO - Calculating Iron Butterfly strikes & prices (Wing δ=12)...
2026-04-25 10:43:29,042 - INFO - Selecting protective wings via delta-based method (target δ=12)...
2026-04-25 10:43:29,042 - INFO -   Wing CE: Strike 24350.0, LTP ₹48.05 (via Premium Proxy, target δ=12)
2026-04-25 10:43:29,043 - INFO -   Wing PE: Strike 23500.0, LTP ₹41.90 (via Premium Proxy, target δ=12)
2026-04-25 10:43:29,043 - INFO - Selected Execution Legs: {'sell_ce': 'NSE_FO|72259', 'sell_pe': 'NSE_FO|72260', 'buy_ce': 'NSE_FO|72312', 'buy_pe': 'NSE_FO|72229'}
2026-04-25 10:43:29,043 - INFO - Target Entry Prices: {'sell_ce': 193.45, 'sell_pe': 161.2, 'buy_ce': 48.05, 'buy_pe': 41.9}
2026-04-25 10:43:29,043 - INFO - Selected Strikes: {'sell_ce': 23900, 'sell_pe': 23900, 'buy_ce': 24350.0, 'buy_pe': 23500.0}
2026-04-25 10:43:29,043 - INFO - Synchronizing with Live Exchange Quotes to bypass cached API data...
2026-04-25 10:43:29,261 - INFO - Absolute Real-Time Entry Prices: {'sell_ce': 193.45, 'sell_pe': 161.2, 'buy_ce': 48.05, 'buy_pe': 41.9}
2026-04-25 10:43:29,262 - INFO - 🟡 SANDBOX MODE DETECTED: Simulating local paper execution...
2026-04-25 10:43:29,262 - INFO - ✅ Simulated Basket Executed Successfully!
2026-04-25 10:43:29,272 - INFO - Entering live risk monitoring phase...
2026-04-25 10:43:29,272 - INFO - Initializing SDK WebSocket connection for live risk management...
2026-04-25 10:43:29,273 - INFO - WebSocket Connected! Streaming live market data...
2026-04-25 10:43:30,247 - INFO - Websocket connected
2026-04-25 10:44:31,342 - CRITICAL - ☠️ SILENT DEATH DETECTED: No WebSocket ticks received for 60 seconds! Forcing emergency exit.
2026-04-25 10:44:31,494 - CRITICAL - ☠️ WebSocket died for NIFTY. This is NOT a trading loss — attempting reconnection...
2026-04-25 10:44:31,494 - INFO - Cooling down for 30 seconds before reconnection attempt...
2026-04-25 10:45:01,525 - INFO - Deploying fresh Iron Butterfly for NIFTY...
2026-04-25 10:45:01,525 - INFO - Fetching live spot price for NIFTY...
2026-04-25 10:45:01,794 - INFO - Live Spot Price for NIFTY is: 23897.95
2026-04-25 10:45:01,798 - INFO - Fetching option chain for NIFTY expiring on 2026-04-28...
2026-04-25 10:45:02,737 - INFO - 📊 India VIX: 19.71
2026-04-25 10:45:02,739 - INFO - 📊 VIX Profile Selected: HIGH_VIX (VIX=19.71) → Wing δ=12, Target=25%
2026-04-25 10:45:02,740 - INFO - Calculating Iron Butterfly strikes & prices (Wing δ=12)...
2026-04-25 10:45:02,740 - INFO - Selecting protective wings via delta-based method (target δ=12)...
2026-04-25 10:45:02,740 - INFO -   Wing CE: Strike 24350.0, LTP ₹48.05 (via Premium Proxy, target δ=12)
2026-04-25 10:45:02,740 - INFO -   Wing PE: Strike 23500.0, LTP ₹41.90 (via Premium Proxy, target δ=12)
2026-04-25 10:45:02,740 - INFO - Selected Execution Legs: {'sell_ce': 'NSE_FO|72259', 'sell_pe': 'NSE_FO|72260', 'buy_ce': 'NSE_FO|72312', 'buy_pe': 'NSE_FO|72229'}
2026-04-25 10:45:02,740 - INFO - Target Entry Prices: {'sell_ce': 193.45, 'sell_pe': 161.2, 'buy_ce': 48.05, 'buy_pe': 41.9}
2026-04-25 10:45:02,740 - INFO - Selected Strikes: {'sell_ce': 23900, 'sell_pe': 23900, 'buy_ce': 24350.0, 'buy_pe': 23500.0}
2026-04-25 10:45:02,740 - INFO - Synchronizing with Live Exchange Quotes to bypass cached API data...
2026-04-25 10:45:03,250 - INFO - Absolute Real-Time Entry Prices: {'sell_ce': 193.45, 'sell_pe': 161.2, 'buy_ce': 48.05, 'buy_pe': 41.9}
2026-04-25 10:45:03,251 - INFO - 🟡 SANDBOX MODE DETECTED: Simulating local paper execution...
2026-04-25 10:45:03,251 - INFO - ✅ Simulated Basket Executed Successfully!
2026-04-25 10:45:03,262 - INFO - Entering live risk monitoring phase...
2026-04-25 10:45:03,262 - INFO - Initializing SDK WebSocket connection for live risk management...
2026-04-25 10:45:03,263 - INFO - WebSocket Connected! Streaming live market data...
2026-04-25 10:45:04,243 - INFO - Websocket connected
2026-04-25 10:46:05,332 - CRITICAL - ☠️ SILENT DEATH DETECTED: No WebSocket ticks received for 60 seconds! Forcing emergency exit.
2026-04-25 10:46:05,484 - CRITICAL - ☠️ WebSocket died for NIFTY. This is NOT a trading loss — attempting reconnection...
2026-04-25 10:46:05,484 - INFO - Cooling down for 30 seconds before reconnection attempt...
2026-04-25 10:46:35,514 - INFO - Deploying fresh Iron Butterfly for NIFTY...
2026-04-25 10:46:35,515 - INFO - Fetching live spot price for NIFTY...
2026-04-25 10:46:35,735 - INFO - Live Spot Price for NIFTY is: 23897.95
2026-04-25 10:46:35,736 - INFO - Fetching option chain for NIFTY expiring on 2026-04-28...
2026-04-25 10:46:36,908 - INFO - 📊 India VIX: 19.71
2026-04-25 10:46:36,910 - INFO - 📊 VIX Profile Selected: HIGH_VIX (VIX=19.71) → Wing δ=12, Target=25%
2026-04-25 10:46:36,910 - INFO - Calculating Iron Butterfly strikes & prices (Wing δ=12)...
2026-04-25 10:46:36,910 - INFO - Selecting protective wings via delta-based method (target δ=12)...
2026-04-25 10:46:36,910 - INFO -   Wing CE: Strike 24350.0, LTP ₹48.05 (via Premium Proxy, target δ=12)
2026-04-25 10:46:36,910 - INFO -   Wing PE: Strike 23500.0, LTP ₹41.90 (via Premium Proxy, target δ=12)
2026-04-25 10:46:36,910 - INFO - Selected Execution Legs: {'sell_ce': 'NSE_FO|72259', 'sell_pe': 'NSE_FO|72260', 'buy_ce': 'NSE_FO|72312', 'buy_pe': 'NSE_FO|72229'}
2026-04-25 10:46:36,910 - INFO - Target Entry Prices: {'sell_ce': 193.45, 'sell_pe': 161.2, 'buy_ce': 48.05, 'buy_pe': 41.9}
2026-04-25 10:46:36,910 - INFO - Selected Strikes: {'sell_ce': 23900, 'sell_pe': 23900, 'buy_ce': 24350.0, 'buy_pe': 23500.0}
2026-04-25 10:46:36,910 - INFO - Synchronizing with Live Exchange Quotes to bypass cached API data...
2026-04-25 10:46:37,130 - INFO - Absolute Real-Time Entry Prices: {'sell_ce': 193.45, 'sell_pe': 161.2, 'buy_ce': 48.05, 'buy_pe': 41.9}
2026-04-25 10:46:37,130 - INFO - 🟡 SANDBOX MODE DETECTED: Simulating local paper execution...
2026-04-25 10:46:37,130 - INFO - ✅ Simulated Basket Executed Successfully!
2026-04-25 10:46:37,141 - INFO - Entering live risk monitoring phase...
2026-04-25 10:46:37,141 - INFO - Initializing SDK WebSocket connection for live risk management...
2026-04-25 10:46:37,142 - INFO - WebSocket Connected! Streaming live market data...
2026-04-25 10:46:38,246 - INFO - Websocket connected
2026-04-25 10:47:39,211 - CRITICAL - ☠️ SILENT DEATH DETECTED: No WebSocket ticks received for 60 seconds! Forcing emergency exit.
2026-04-25 10:47:39,364 - CRITICAL - ☠️ WebSocket died for NIFTY. This is NOT a trading loss — attempting reconnection...
2026-04-25 10:47:39,364 - INFO - Cooling down for 30 seconds before reconnection attempt...
2026-04-25 10:48:09,394 - INFO - Deploying fresh Iron Butterfly for NIFTY...
2026-04-25 10:48:09,394 - INFO - Fetching live spot price for NIFTY...
2026-04-25 10:48:09,617 - INFO - Live Spot Price for NIFTY is: 23897.95
2026-04-25 10:48:09,619 - INFO - Fetching option chain for NIFTY expiring on 2026-04-28...
2026-04-25 10:48:10,197 - INFO - 📊 India VIX: 19.71
2026-04-25 10:48:10,198 - INFO - 📊 VIX Profile Selected: HIGH_VIX (VIX=19.71) → Wing δ=12, Target=25%
2026-04-25 10:48:10,199 - INFO - Calculating Iron Butterfly strikes & prices (Wing δ=12)...
2026-04-25 10:48:10,199 - INFO - Selecting protective wings via delta-based method (target δ=12)...
2026-04-25 10:48:10,199 - INFO -   Wing CE: Strike 24350.0, LTP ₹48.05 (via Premium Proxy, target δ=12)
2026-04-25 10:48:10,199 - INFO -   Wing PE: Strike 23500.0, LTP ₹41.90 (via Premium Proxy, target δ=12)
2026-04-25 10:48:10,199 - INFO - Selected Execution Legs: {'sell_ce': 'NSE_FO|72259', 'sell_pe': 'NSE_FO|72260', 'buy_ce': 'NSE_FO|72312', 'buy_pe': 'NSE_FO|72229'}
2026-04-25 10:48:10,199 - INFO - Target Entry Prices: {'sell_ce': 193.45, 'sell_pe': 161.2, 'buy_ce': 48.05, 'buy_pe': 41.9}
2026-04-25 10:48:10,200 - INFO - Selected Strikes: {'sell_ce': 23900, 'sell_pe': 23900, 'buy_ce': 24350.0, 'buy_pe': 23500.0}
2026-04-25 10:48:10,200 - INFO - Synchronizing with Live Exchange Quotes to bypass cached API data...
2026-04-25 10:48:10,406 - INFO - Absolute Real-Time Entry Prices: {'sell_ce': 193.45, 'sell_pe': 161.2, 'buy_ce': 48.05, 'buy_pe': 41.9}
2026-04-25 10:48:10,406 - INFO - 🟡 SANDBOX MODE DETECTED: Simulating local paper execution...
2026-04-25 10:48:10,406 - INFO - ✅ Simulated Basket Executed Successfully!
2026-04-25 10:48:10,416 - INFO - Entering live risk monitoring phase...
2026-04-25 10:48:10,417 - INFO - Initializing SDK WebSocket connection for live risk management...
2026-04-25 10:48:10,418 - INFO - WebSocket Connected! Streaming live market data...
2026-04-25 10:48:11,474 - INFO - Websocket connected
2026-04-25 10:49:12,487 - CRITICAL - ☠️ SILENT DEATH DETECTED: No WebSocket ticks received for 60 seconds! Forcing emergency exit.
2026-04-25 10:49:12,639 - CRITICAL - ☠️ WebSocket died for NIFTY. This is NOT a trading loss — attempting reconnection...
2026-04-25 10:49:12,639 - INFO - Cooling down for 30 seconds before reconnection attempt...
2026-04-25 10:49:42,669 - INFO - Deploying fresh Iron Butterfly for NIFTY...
2026-04-25 10:49:42,670 - INFO - Fetching live spot price for NIFTY...
2026-04-25 10:49:42,873 - INFO - Live Spot Price for NIFTY is: 23897.95
2026-04-25 10:49:42,874 - INFO - Fetching option chain for NIFTY expiring on 2026-04-28...
2026-04-25 10:49:43,459 - INFO - 📊 India VIX: 19.71
2026-04-25 10:49:43,460 - INFO - 📊 VIX Profile Selected: HIGH_VIX (VIX=19.71) → Wing δ=12, Target=25%
2026-04-25 10:49:43,461 - INFO - Calculating Iron Butterfly strikes & prices (Wing δ=12)...
2026-04-25 10:49:43,461 - INFO - Selecting protective wings via delta-based method (target δ=12)...
2026-04-25 10:49:43,461 - INFO -   Wing CE: Strike 24350.0, LTP ₹48.05 (via Premium Proxy, target δ=12)
2026-04-25 10:49:43,461 - INFO -   Wing PE: Strike 23500.0, LTP ₹41.90 (via Premium Proxy, target δ=12)
2026-04-25 10:49:43,461 - INFO - Selected Execution Legs: {'sell_ce': 'NSE_FO|72259', 'sell_pe': 'NSE_FO|72260', 'buy_ce': 'NSE_FO|72312', 'buy_pe': 'NSE_FO|72229'}
2026-04-25 10:49:43,461 - INFO - Target Entry Prices: {'sell_ce': 193.45, 'sell_pe': 161.2, 'buy_ce': 48.05, 'buy_pe': 41.9}
2026-04-25 10:49:43,461 - INFO - Selected Strikes: {'sell_ce': 23900, 'sell_pe': 23900, 'buy_ce': 24350.0, 'buy_pe': 23500.0}
2026-04-25 10:49:43,461 - INFO - Synchronizing with Live Exchange Quotes to bypass cached API data...
2026-04-25 10:49:43,967 - INFO - Absolute Real-Time Entry Prices: {'sell_ce': 193.45, 'sell_pe': 161.2, 'buy_ce': 48.05, 'buy_pe': 41.9}
2026-04-25 10:49:43,967 - INFO - 🟡 SANDBOX MODE DETECTED: Simulating local paper execution...
2026-04-25 10:49:43,967 - INFO - ✅ Simulated Basket Executed Successfully!
2026-04-25 10:49:43,977 - INFO - Entering live risk monitoring phase...
2026-04-25 10:49:43,977 - INFO - Initializing SDK WebSocket connection for live risk management...
2026-04-25 10:49:43,979 - INFO - WebSocket Connected! Streaming live market data...
2026-04-25 10:49:44,973 - INFO - Websocket connected
2026-04-25 10:50:46,047 - CRITICAL - ☠️ SILENT DEATH DETECTED: No WebSocket ticks received for 60 seconds! Forcing emergency exit.
2026-04-25 10:50:46,200 - CRITICAL - ☠️ WebSocket died for NIFTY. This is NOT a trading loss — attempting reconnection...
2026-04-25 10:50:46,200 - INFO - Cooling down for 30 seconds before reconnection attempt...
2026-04-25 10:51:16,230 - INFO - Deploying fresh Iron Butterfly for NIFTY...
2026-04-25 10:51:16,230 - INFO - Fetching live spot price for NIFTY...
2026-04-25 10:51:16,448 - INFO - Live Spot Price for NIFTY is: 23897.95
2026-04-25 10:51:16,450 - INFO - Fetching option chain for NIFTY expiring on 2026-04-28...
2026-04-25 10:51:17,033 - INFO - 📊 India VIX: 19.71
2026-04-25 10:51:17,035 - INFO - 📊 VIX Profile Selected: HIGH_VIX (VIX=19.71) → Wing δ=12, Target=25%
2026-04-25 10:51:17,035 - INFO - Calculating Iron Butterfly strikes & prices (Wing δ=12)...
2026-04-25 10:51:17,035 - INFO - Selecting protective wings via delta-based method (target δ=12)...
2026-04-25 10:51:17,035 - INFO -   Wing CE: Strike 24350.0, LTP ₹48.05 (via Premium Proxy, target δ=12)
2026-04-25 10:51:17,035 - INFO -   Wing PE: Strike 23500.0, LTP ₹41.90 (via Premium Proxy, target δ=12)
2026-04-25 10:51:17,035 - INFO - Selected Execution Legs: {'sell_ce': 'NSE_FO|72259', 'sell_pe': 'NSE_FO|72260', 'buy_ce': 'NSE_FO|72312', 'buy_pe': 'NSE_FO|72229'}
2026-04-25 10:51:17,036 - INFO - Target Entry Prices: {'sell_ce': 193.45, 'sell_pe': 161.2, 'buy_ce': 48.05, 'buy_pe': 41.9}
2026-04-25 10:51:17,036 - INFO - Selected Strikes: {'sell_ce': 23900, 'sell_pe': 23900, 'buy_ce': 24350.0, 'buy_pe': 23500.0}
2026-04-25 10:51:17,036 - INFO - Synchronizing with Live Exchange Quotes to bypass cached API data...
2026-04-25 10:51:17,253 - INFO - Absolute Real-Time Entry Prices: {'sell_ce': 193.45, 'sell_pe': 161.2, 'buy_ce': 48.05, 'buy_pe': 41.9}
2026-04-25 10:51:17,254 - INFO - 🟡 SANDBOX MODE DETECTED: Simulating local paper execution...
2026-04-25 10:51:17,254 - INFO - ✅ Simulated Basket Executed Successfully!
2026-04-25 10:51:17,264 - INFO - Entering live risk monitoring phase...
2026-04-25 10:51:17,264 - INFO - Initializing SDK WebSocket connection for live risk management...
2026-04-25 10:51:17,266 - INFO - WebSocket Connected! Streaming live market data...
2026-04-25 10:51:18,266 - INFO - Websocket connected
2026-04-25 10:52:19,333 - CRITICAL - ☠️ SILENT DEATH DETECTED: No WebSocket ticks received for 60 seconds! Forcing emergency exit.
2026-04-25 10:52:19,485 - CRITICAL - ☠️ WebSocket died for NIFTY. This is NOT a trading loss — attempting reconnection...
2026-04-25 10:52:19,485 - INFO - Cooling down for 30 seconds before reconnection attempt...
2026-04-25 10:52:49,489 - INFO - Deploying fresh Iron Butterfly for NIFTY...
2026-04-25 10:52:49,489 - INFO - Fetching live spot price for NIFTY...
2026-04-25 10:52:49,703 - INFO - Live Spot Price for NIFTY is: 23897.95
2026-04-25 10:52:49,704 - INFO - Fetching option chain for NIFTY expiring on 2026-04-28...
2026-04-25 10:52:50,574 - INFO - 📊 India VIX: 19.71
2026-04-25 10:52:50,575 - INFO - 📊 VIX Profile Selected: HIGH_VIX (VIX=19.71) → Wing δ=12, Target=25%
2026-04-25 10:52:50,575 - INFO - Calculating Iron Butterfly strikes & prices (Wing δ=12)...
2026-04-25 10:52:50,575 - INFO - Selecting protective wings via delta-based method (target δ=12)...
2026-04-25 10:52:50,575 - INFO -   Wing CE: Strike 24350.0, LTP ₹48.05 (via Premium Proxy, target δ=12)
2026-04-25 10:52:50,576 - INFO -   Wing PE: Strike 23500.0, LTP ₹41.90 (via Premium Proxy, target δ=12)
2026-04-25 10:52:50,576 - INFO - Selected Execution Legs: {'sell_ce': 'NSE_FO|72259', 'sell_pe': 'NSE_FO|72260', 'buy_ce': 'NSE_FO|72312', 'buy_pe': 'NSE_FO|72229'}
2026-04-25 10:52:50,576 - INFO - Target Entry Prices: {'sell_ce': 193.45, 'sell_pe': 161.2, 'buy_ce': 48.05, 'buy_pe': 41.9}
2026-04-25 10:52:50,576 - INFO - Selected Strikes: {'sell_ce': 23900, 'sell_pe': 23900, 'buy_ce': 24350.0, 'buy_pe': 23500.0}
2026-04-25 10:52:50,576 - INFO - Synchronizing with Live Exchange Quotes to bypass cached API data...
2026-04-25 10:52:50,777 - INFO - Absolute Real-Time Entry Prices: {'sell_ce': 193.45, 'sell_pe': 161.2, 'buy_ce': 48.05, 'buy_pe': 41.9}
2026-04-25 10:52:50,777 - INFO - 🟡 SANDBOX MODE DETECTED: Simulating local paper execution...
2026-04-25 10:52:50,777 - INFO - ✅ Simulated Basket Executed Successfully!
2026-04-25 10:52:50,787 - INFO - Entering live risk monitoring phase...
2026-04-25 10:52:50,787 - INFO - Initializing SDK WebSocket connection for live risk management...
2026-04-25 10:52:50,789 - INFO - WebSocket Connected! Streaming live market data...
2026-04-25 10:52:51,780 - INFO - Websocket connected
2026-04-25 10:53:52,857 - CRITICAL - ☠️ SILENT DEATH DETECTED: No WebSocket ticks received for 60 seconds! Forcing emergency exit.
2026-04-25 10:53:53,010 - CRITICAL - ☠️ WebSocket died for NIFTY. This is NOT a trading loss — attempting reconnection...
2026-04-25 10:53:53,010 - INFO - Cooling down for 30 seconds before reconnection attempt...
2026-04-25 10:54:23,019 - INFO - Deploying fresh Iron Butterfly for NIFTY...
2026-04-25 10:54:23,019 - INFO - Fetching live spot price for NIFTY...
2026-04-25 10:54:23,553 - INFO - Live Spot Price for NIFTY is: 23897.95
2026-04-25 10:54:23,555 - INFO - Fetching option chain for NIFTY expiring on 2026-04-28...
2026-04-25 10:54:24,072 - INFO - 📊 India VIX: 19.71
2026-04-25 10:54:24,073 - INFO - 📊 VIX Profile Selected: HIGH_VIX (VIX=19.71) → Wing δ=12, Target=25%
2026-04-25 10:54:24,073 - INFO - Calculating Iron Butterfly strikes & prices (Wing δ=12)...
2026-04-25 10:54:24,073 - INFO - Selecting protective wings via delta-based method (target δ=12)...
2026-04-25 10:54:24,073 - INFO -   Wing CE: Strike 24350.0, LTP ₹48.05 (via Premium Proxy, target δ=12)
2026-04-25 10:54:24,074 - INFO -   Wing PE: Strike 23500.0, LTP ₹41.90 (via Premium Proxy, target δ=12)
2026-04-25 10:54:24,074 - INFO - Selected Execution Legs: {'sell_ce': 'NSE_FO|72259', 'sell_pe': 'NSE_FO|72260', 'buy_ce': 'NSE_FO|72312', 'buy_pe': 'NSE_FO|72229'}
2026-04-25 10:54:24,074 - INFO - Target Entry Prices: {'sell_ce': 193.45, 'sell_pe': 161.2, 'buy_ce': 48.05, 'buy_pe': 41.9}
2026-04-25 10:54:24,074 - INFO - Selected Strikes: {'sell_ce': 23900, 'sell_pe': 23900, 'buy_ce': 24350.0, 'buy_pe': 23500.0}
2026-04-25 10:54:24,074 - INFO - Synchronizing with Live Exchange Quotes to bypass cached API data...
2026-04-25 10:54:24,272 - INFO - Absolute Real-Time Entry Prices: {'sell_ce': 193.45, 'sell_pe': 161.2, 'buy_ce': 48.05, 'buy_pe': 41.9}
2026-04-25 10:54:24,272 - INFO - 🟡 SANDBOX MODE DETECTED: Simulating local paper execution...
2026-04-25 10:54:24,272 - INFO - ✅ Simulated Basket Executed Successfully!
2026-04-25 10:54:24,282 - INFO - Entering live risk monitoring phase...
2026-04-25 10:54:24,282 - INFO - Initializing SDK WebSocket connection for live risk management...
2026-04-25 10:54:24,284 - INFO - WebSocket Connected! Streaming live market data...
2026-04-25 10:54:25,262 - INFO - Websocket connected
2026-04-25 10:54:45,606 - INFO - System Architect Bot V5 Initialized — Master Architecture Active 🏛️
2026-04-25 10:54:45,606 - INFO -   VIX Adaptive Profiles: ON (Low<13, High>18)
2026-04-25 10:54:45,606 - INFO -   Delta-Based Wings: ON
2026-04-25 10:54:45,606 - INFO -   Ratchet Trailing Stop: ON (Floor=80%, Ratchet=75%)
2026-04-25 10:54:45,606 - INFO -   ATM Drift Guard: ON (1.5x wing width)
2026-04-25 10:54:45,606 - INFO -   Circuit Breaker: ON (2 consecutive losses)
2026-04-25 10:54:45,606 - INFO -   Opening Range Gap Filter: ON (0.8% threshold, 15min settle)
2026-04-25 10:54:45,606 - INFO -   Expiry Day Strategy: Expiring index trades MORNING, other AFTERNOON
2026-04-25 10:54:45,607 - INFO -   Weekend Guard: ON
2026-04-25 10:54:45,607 - INFO - 📅 WEEKEND DETECTED (2026-04-25 - Saturday). No trading jobs scheduled.
2026-04-25 10:54:45,607 - CRITICAL - 🔄 ORPHANED TRADE DETECTED ON BOOT! Instantly recovering NIFTY session...
2026-04-25 10:54:45,607 - INFO - --- STARTING CONTINUOUS SESSION FOR NIFTY ---
2026-04-25 10:54:45,608 - CRITICAL - 🌙 BTST CARRY FORWARD DETECTED: Waking up existing NIFTY trade.
2026-04-25 10:54:45,608 - INFO - Initializing SDK WebSocket connection for live risk management...
2026-04-25 10:54:45,614 - INFO - WebSocket Connected! Streaming live market data...
2026-04-25 10:54:46,594 - INFO - Websocket connected
2026-04-25 10:55:47,683 - CRITICAL - ☠️ SILENT DEATH DETECTED: No WebSocket ticks received for 60 seconds! Forcing emergency exit.
2026-04-25 10:55:47,836 - INFO - 🔄 Exit Signal (SOCKET_DEAD) received on Carry Forward. Squaring off...
2026-04-25 10:55:47,836 - CRITICAL - TRIGGERING SQUARE OFF SEQUENCE!
2026-04-25 10:55:47,836 - INFO - 💰 Simulated PnL for this trade: ₹-0.00
2026-04-25 10:55:58,885 - INFO - 🧹 Auto-cleared BTST flag from UI so the fresh trade doesn't carry forward blindly.
2026-04-25 10:55:59,094 - INFO - 📈 NIFTY LTP: 23897.95, Prev Close: 23897.95
2026-04-25 10:55:59,095 - INFO - 📊 Gap Analysis: NIFTY opened at 23897.95, Prev Close: 23897.95, Gap: 0.00% DOWN
2026-04-25 10:55:59,096 - INFO - ✅ Gap within tolerance (0.00% < 0.8%). Proceeding normally.
2026-04-25 10:55:59,096 - INFO - Deploying fresh Iron Butterfly for NIFTY...
2026-04-25 10:55:59,096 - INFO - Fetching live spot price for NIFTY...
2026-04-25 10:55:59,299 - INFO - Live Spot Price for NIFTY is: 23897.95
2026-04-25 10:55:59,300 - INFO - Fetching option chain for NIFTY expiring on 2026-04-28...
2026-04-25 10:55:59,894 - INFO - 📊 India VIX: 19.71
2026-04-25 10:55:59,895 - INFO - 📊 VIX Profile Selected: HIGH_VIX (VIX=19.71) → Wing δ=12, Target=25%
2026-04-25 10:55:59,896 - INFO - Calculating Iron Butterfly strikes & prices (Wing δ=12)...
2026-04-25 10:55:59,896 - INFO - Selecting protective wings via delta-based method (target δ=12)...
2026-04-25 10:55:59,896 - INFO -   Wing CE: Strike 24350.0, LTP ₹48.05 (via Premium Proxy, target δ=12)
2026-04-25 10:55:59,896 - INFO -   Wing PE: Strike 23500.0, LTP ₹41.90 (via Premium Proxy, target δ=12)
2026-04-25 10:55:59,897 - INFO - Selected Execution Legs: {'sell_ce': 'NSE_FO|72259', 'sell_pe': 'NSE_FO|72260', 'buy_ce': 'NSE_FO|72312', 'buy_pe': 'NSE_FO|72229'}
2026-04-25 10:55:59,897 - INFO - Target Entry Prices: {'sell_ce': 193.45, 'sell_pe': 161.2, 'buy_ce': 48.05, 'buy_pe': 41.9}
2026-04-25 10:55:59,897 - INFO - Selected Strikes: {'sell_ce': 23900, 'sell_pe': 23900, 'buy_ce': 24350.0, 'buy_pe': 23500.0}
2026-04-25 10:55:59,897 - INFO - Synchronizing with Live Exchange Quotes to bypass cached API data...
2026-04-25 10:56:00,120 - INFO - Absolute Real-Time Entry Prices: {'sell_ce': 193.45, 'sell_pe': 161.2, 'buy_ce': 48.05, 'buy_pe': 41.9}
2026-04-25 10:56:00,121 - INFO - 🟡 SANDBOX MODE DETECTED: Simulating local paper execution...
2026-04-25 10:56:00,121 - INFO - ✅ Simulated Basket Executed Successfully!
2026-04-25 10:56:00,134 - INFO - Entering live risk monitoring phase...
2026-04-25 10:56:00,134 - INFO - Initializing SDK WebSocket connection for live risk management...
2026-04-25 10:56:00,145 - INFO - WebSocket Connected! Streaming live market data...
2026-04-25 10:56:01,146 - INFO - Websocket connected
2026-04-25 10:57:02,215 - CRITICAL - ☠️ SILENT DEATH DETECTED: No WebSocket ticks received for 60 seconds! Forcing emergency exit.
2026-04-25 10:57:02,368 - CRITICAL - ☠️ WebSocket died for NIFTY. This is NOT a trading loss — attempting reconnection...
2026-04-25 10:57:02,368 - INFO - Cooling down for 30 seconds before reconnection attempt...
2026-04-25 10:57:32,398 - INFO - Deploying fresh Iron Butterfly for NIFTY...
2026-04-25 10:57:32,398 - INFO - Fetching live spot price for NIFTY...
2026-04-25 10:57:32,900 - INFO - Live Spot Price for NIFTY is: 23897.95
2026-04-25 10:57:32,901 - INFO - Fetching option chain for NIFTY expiring on 2026-04-28...
2026-04-25 10:57:34,060 - INFO - 📊 India VIX: 19.71
2026-04-25 10:57:34,062 - INFO - 📊 VIX Profile Selected: HIGH_VIX (VIX=19.71) → Wing δ=12, Target=25%
2026-04-25 10:57:34,062 - INFO - Calculating Iron Butterfly strikes & prices (Wing δ=12)...
2026-04-25 10:57:34,062 - INFO - Selecting protective wings via delta-based method (target δ=12)...
2026-04-25 10:57:34,062 - INFO -   Wing CE: Strike 24350.0, LTP ₹48.05 (via Premium Proxy, target δ=12)
2026-04-25 10:57:34,063 - INFO -   Wing PE: Strike 23500.0, LTP ₹41.90 (via Premium Proxy, target δ=12)
2026-04-25 10:57:34,063 - INFO - Selected Execution Legs: {'sell_ce': 'NSE_FO|72259', 'sell_pe': 'NSE_FO|72260', 'buy_ce': 'NSE_FO|72312', 'buy_pe': 'NSE_FO|72229'}
2026-04-25 10:57:34,063 - INFO - Target Entry Prices: {'sell_ce': 193.45, 'sell_pe': 161.2, 'buy_ce': 48.05, 'buy_pe': 41.9}
2026-04-25 10:57:34,063 - INFO - Selected Strikes: {'sell_ce': 23900, 'sell_pe': 23900, 'buy_ce': 24350.0, 'buy_pe': 23500.0}
2026-04-25 10:57:34,063 - INFO - Synchronizing with Live Exchange Quotes to bypass cached API data...
2026-04-25 10:57:34,262 - INFO - Absolute Real-Time Entry Prices: {'sell_ce': 193.45, 'sell_pe': 161.2, 'buy_ce': 48.05, 'buy_pe': 41.9}
2026-04-25 10:57:34,263 - INFO - 🟡 SANDBOX MODE DETECTED: Simulating local paper execution...
2026-04-25 10:57:34,263 - INFO - ✅ Simulated Basket Executed Successfully!
2026-04-25 10:57:34,273 - INFO - Entering live risk monitoring phase...
2026-04-25 10:57:34,274 - INFO - Initializing SDK WebSocket connection for live risk management...
2026-04-25 10:57:34,275 - INFO - WebSocket Connected! Streaming live market data...
2026-04-25 10:57:35,254 - INFO - Websocket connected
2026-04-25 10:58:36,342 - CRITICAL - ☠️ SILENT DEATH DETECTED: No WebSocket ticks received for 60 seconds! Forcing emergency exit.
2026-04-25 10:58:36,495 - CRITICAL - ☠️ WebSocket died for NIFTY. This is NOT a trading loss — attempting reconnection...
2026-04-25 10:58:36,495 - INFO - Cooling down for 30 seconds before reconnection attempt...
2026-04-25 10:59:06,525 - INFO - Deploying fresh Iron Butterfly for NIFTY...
2026-04-25 10:59:06,525 - INFO - Fetching live spot price for NIFTY...
2026-04-25 10:59:06,847 - INFO - Live Spot Price for NIFTY is: 23897.95
2026-04-25 10:59:06,848 - INFO - Fetching option chain for NIFTY expiring on 2026-04-28...
2026-04-25 10:59:07,457 - INFO - 📊 India VIX: 19.71
2026-04-25 10:59:07,458 - INFO - 📊 VIX Profile Selected: HIGH_VIX (VIX=19.71) → Wing δ=12, Target=25%
2026-04-25 10:59:07,459 - INFO - Calculating Iron Butterfly strikes & prices (Wing δ=12)...
2026-04-25 10:59:07,459 - INFO - Selecting protective wings via delta-based method (target δ=12)...
2026-04-25 10:59:07,459 - INFO -   Wing CE: Strike 24350.0, LTP ₹48.05 (via Premium Proxy, target δ=12)
2026-04-25 10:59:07,459 - INFO -   Wing PE: Strike 23500.0, LTP ₹41.90 (via Premium Proxy, target δ=12)
2026-04-25 10:59:07,460 - INFO - Selected Execution Legs: {'sell_ce': 'NSE_FO|72259', 'sell_pe': 'NSE_FO|72260', 'buy_ce': 'NSE_FO|72312', 'buy_pe': 'NSE_FO|72229'}
2026-04-25 10:59:07,460 - INFO - Target Entry Prices: {'sell_ce': 193.45, 'sell_pe': 161.2, 'buy_ce': 48.05, 'buy_pe': 41.9}
2026-04-25 10:59:07,460 - INFO - Selected Strikes: {'sell_ce': 23900, 'sell_pe': 23900, 'buy_ce': 24350.0, 'buy_pe': 23500.0}
2026-04-25 10:59:07,460 - INFO - Synchronizing with Live Exchange Quotes to bypass cached API data...
2026-04-25 10:59:07,971 - INFO - Absolute Real-Time Entry Prices: {'sell_ce': 193.45, 'sell_pe': 161.2, 'buy_ce': 48.05, 'buy_pe': 41.9}
2026-04-25 10:59:07,972 - INFO - 🟡 SANDBOX MODE DETECTED: Simulating local paper execution...
2026-04-25 10:59:07,972 - INFO - ✅ Simulated Basket Executed Successfully!
2026-04-25 10:59:07,983 - INFO - Entering live risk monitoring phase...
2026-04-25 10:59:07,983 - INFO - Initializing SDK WebSocket connection for live risk management...
2026-04-25 10:59:07,984 - INFO - WebSocket Connected! Streaming live market data...
2026-04-25 10:59:08,974 - INFO - Websocket connected
2026-04-25 11:00:10,053 - CRITICAL - ☠️ SILENT DEATH DETECTED: No WebSocket ticks received for 60 seconds! Forcing emergency exit.
2026-04-25 11:00:10,207 - CRITICAL - ☠️ WebSocket died for NIFTY. This is NOT a trading loss — attempting reconnection...
2026-04-25 11:00:10,207 - INFO - Cooling down for 30 seconds before reconnection attempt...
2026-04-25 11:00:40,219 - INFO - Deploying fresh Iron Butterfly for NIFTY...
2026-04-25 11:00:40,219 - INFO - Fetching live spot price for NIFTY...
2026-04-25 11:00:40,439 - INFO - Live Spot Price for NIFTY is: 23897.95
2026-04-25 11:00:40,441 - INFO - Fetching option chain for NIFTY expiring on 2026-04-28...
2026-04-25 11:00:41,029 - INFO - 📊 India VIX: 19.71
2026-04-25 11:00:41,030 - INFO - 📊 VIX Profile Selected: HIGH_VIX (VIX=19.71) → Wing δ=12, Target=25%
2026-04-25 11:00:41,031 - INFO - Calculating Iron Butterfly strikes & prices (Wing δ=12)...
2026-04-25 11:00:41,031 - INFO - Selecting protective wings via delta-based method (target δ=12)...
2026-04-25 11:00:41,031 - INFO -   Wing CE: Strike 24350.0, LTP ₹48.05 (via Premium Proxy, target δ=12)
2026-04-25 11:00:41,032 - INFO -   Wing PE: Strike 23500.0, LTP ₹41.90 (via Premium Proxy, target δ=12)
2026-04-25 11:00:41,032 - INFO - Selected Execution Legs: {'sell_ce': 'NSE_FO|72259', 'sell_pe': 'NSE_FO|72260', 'buy_ce': 'NSE_FO|72312', 'buy_pe': 'NSE_FO|72229'}
2026-04-25 11:00:41,032 - INFO - Target Entry Prices: {'sell_ce': 193.45, 'sell_pe': 161.2, 'buy_ce': 48.05, 'buy_pe': 41.9}
2026-04-25 11:00:41,032 - INFO - Selected Strikes: {'sell_ce': 23900, 'sell_pe': 23900, 'buy_ce': 24350.0, 'buy_pe': 23500.0}
2026-04-25 11:00:41,032 - INFO - Synchronizing with Live Exchange Quotes to bypass cached API data...
2026-04-25 11:00:41,411 - INFO - Absolute Real-Time Entry Prices: {'sell_ce': 193.45, 'sell_pe': 161.2, 'buy_ce': 48.05, 'buy_pe': 41.9}
2026-04-25 11:00:41,412 - INFO - 🟡 SANDBOX MODE DETECTED: Simulating local paper execution...
2026-04-25 11:00:41,412 - INFO - ✅ Simulated Basket Executed Successfully!
2026-04-25 11:00:41,423 - INFO - Entering live risk monitoring phase...
2026-04-25 11:00:41,423 - INFO - Initializing SDK WebSocket connection for live risk management...
2026-04-25 11:00:41,425 - INFO - WebSocket Connected! Streaming live market data...
2026-04-25 11:00:42,415 - INFO - Websocket connected
2026-04-25 11:01:43,493 - CRITICAL - ☠️ SILENT DEATH DETECTED: No WebSocket ticks received for 60 seconds! Forcing emergency exit.
2026-04-25 11:01:43,644 - CRITICAL - ☠️ WebSocket died for NIFTY. This is NOT a trading loss — attempting reconnection...
2026-04-25 11:01:43,644 - INFO - Cooling down for 30 seconds before reconnection attempt...
2026-04-25 11:02:13,675 - INFO - Deploying fresh Iron Butterfly for NIFTY...
2026-04-25 11:02:13,675 - INFO - Fetching live spot price for NIFTY...
2026-04-25 11:02:13,903 - INFO - Live Spot Price for NIFTY is: 23897.95
2026-04-25 11:02:13,904 - INFO - Fetching option chain for NIFTY expiring on 2026-04-28...
2026-04-25 11:02:14,495 - INFO - 📊 India VIX: 19.71
2026-04-25 11:02:14,497 - INFO - 📊 VIX Profile Selected: HIGH_VIX (VIX=19.71) → Wing δ=12, Target=25%
2026-04-25 11:02:14,498 - INFO - Calculating Iron Butterfly strikes & prices (Wing δ=12)...
2026-04-25 11:02:14,498 - INFO - Selecting protective wings via delta-based method (target δ=12)...
2026-04-25 11:02:14,498 - INFO -   Wing CE: Strike 24350.0, LTP ₹48.05 (via Premium Proxy, target δ=12)
2026-04-25 11:02:14,499 - INFO -   Wing PE: Strike 23500.0, LTP ₹41.90 (via Premium Proxy, target δ=12)
2026-04-25 11:02:14,499 - INFO - Selected Execution Legs: {'sell_ce': 'NSE_FO|72259', 'sell_pe': 'NSE_FO|72260', 'buy_ce': 'NSE_FO|72312', 'buy_pe': 'NSE_FO|72229'}
2026-04-25 11:02:14,499 - INFO - Target Entry Prices: {'sell_ce': 193.45, 'sell_pe': 161.2, 'buy_ce': 48.05, 'buy_pe': 41.9}
2026-04-25 11:02:14,499 - INFO - Selected Strikes: {'sell_ce': 23900, 'sell_pe': 23900, 'buy_ce': 24350.0, 'buy_pe': 23500.0}
2026-04-25 11:02:14,499 - INFO - Synchronizing with Live Exchange Quotes to bypass cached API data...
2026-04-25 11:02:14,711 - INFO - Absolute Real-Time Entry Prices: {'sell_ce': 193.45, 'sell_pe': 161.2, 'buy_ce': 48.05, 'buy_pe': 41.9}
2026-04-25 11:02:14,712 - INFO - 🟡 SANDBOX MODE DETECTED: Simulating local paper execution...
2026-04-25 11:02:14,712 - INFO - ✅ Simulated Basket Executed Successfully!
2026-04-25 11:02:14,723 - INFO - Entering live risk monitoring phase...
2026-04-25 11:02:14,723 - INFO - Initializing SDK WebSocket connection for live risk management...
2026-04-25 11:02:14,724 - INFO - WebSocket Connected! Streaming live market data...
2026-04-25 11:02:15,801 - INFO - Websocket connected
2026-04-25 11:03:16,792 - CRITICAL - ☠️ SILENT DEATH DETECTED: No WebSocket ticks received for 60 seconds! Forcing emergency exit.
2026-04-25 11:03:16,945 - CRITICAL - ☠️ WebSocket died for NIFTY. This is NOT a trading loss — attempting reconnection...
2026-04-25 11:03:16,945 - INFO - Cooling down for 30 seconds before reconnection attempt...
2026-04-25 11:03:46,975 - INFO - Deploying fresh Iron Butterfly for NIFTY...
2026-04-25 11:03:46,975 - INFO - Fetching live spot price for NIFTY...
2026-04-25 11:03:47,196 - INFO - Live Spot Price for NIFTY is: 23897.95
2026-04-25 11:03:47,197 - INFO - Fetching option chain for NIFTY expiring on 2026-04-28...
2026-04-25 11:03:47,784 - INFO - 📊 India VIX: 19.71
2026-04-25 11:03:47,785 - INFO - 📊 VIX Profile Selected: HIGH_VIX (VIX=19.71) → Wing δ=12, Target=25%
2026-04-25 11:03:47,785 - INFO - Calculating Iron Butterfly strikes & prices (Wing δ=12)...
2026-04-25 11:03:47,786 - INFO - Selecting protective wings via delta-based method (target δ=12)...
2026-04-25 11:03:47,786 - INFO -   Wing CE: Strike 24350.0, LTP ₹48.05 (via Premium Proxy, target δ=12)
2026-04-25 11:03:47,786 - INFO -   Wing PE: Strike 23500.0, LTP ₹41.90 (via Premium Proxy, target δ=12)
2026-04-25 11:03:47,786 - INFO - Selected Execution Legs: {'sell_ce': 'NSE_FO|72259', 'sell_pe': 'NSE_FO|72260', 'buy_ce': 'NSE_FO|72312', 'buy_pe': 'NSE_FO|72229'}
2026-04-25 11:03:47,786 - INFO - Target Entry Prices: {'sell_ce': 193.45, 'sell_pe': 161.2, 'buy_ce': 48.05, 'buy_pe': 41.9}
2026-04-25 11:03:47,787 - INFO - Selected Strikes: {'sell_ce': 23900, 'sell_pe': 23900, 'buy_ce': 24350.0, 'buy_pe': 23500.0}
2026-04-25 11:03:47,787 - INFO - Synchronizing with Live Exchange Quotes to bypass cached API data...
2026-04-25 11:03:48,003 - INFO - Absolute Real-Time Entry Prices: {'sell_ce': 193.45, 'sell_pe': 161.2, 'buy_ce': 48.05, 'buy_pe': 41.9}
2026-04-25 11:03:48,004 - INFO - 🟡 SANDBOX MODE DETECTED: Simulating local paper execution...
2026-04-25 11:03:48,004 - INFO - ✅ Simulated Basket Executed Successfully!
2026-04-25 11:03:48,015 - INFO - Entering live risk monitoring phase...
2026-04-25 11:03:48,015 - INFO - Initializing SDK WebSocket connection for live risk management...
2026-04-25 11:03:48,017 - INFO - WebSocket Connected! Streaming live market data...
2026-04-25 11:03:48,997 - INFO - Websocket connected
2026-04-25 11:04:50,086 - CRITICAL - ☠️ SILENT DEATH DETECTED: No WebSocket ticks received for 60 seconds! Forcing emergency exit.
2026-04-25 11:04:50,238 - CRITICAL - ☠️ WebSocket died for NIFTY. This is NOT a trading loss — attempting reconnection...
2026-04-25 11:04:50,238 - INFO - Cooling down for 30 seconds before reconnection attempt...
2026-04-25 11:05:20,269 - INFO - Deploying fresh Iron Butterfly for NIFTY...
2026-04-25 11:05:20,269 - INFO - Fetching live spot price for NIFTY...
2026-04-25 11:05:20,484 - INFO - Live Spot Price for NIFTY is: 23897.95
2026-04-25 11:05:20,486 - INFO - Fetching option chain for NIFTY expiring on 2026-04-28...
2026-04-25 11:05:20,997 - INFO - 📊 India VIX: 19.71
2026-04-25 11:05:20,998 - INFO - 📊 VIX Profile Selected: HIGH_VIX (VIX=19.71) → Wing δ=12, Target=25%
2026-04-25 11:05:20,999 - INFO - Calculating Iron Butterfly strikes & prices (Wing δ=12)...
2026-04-25 11:05:20,999 - INFO - Selecting protective wings via delta-based method (target δ=12)...
2026-04-25 11:05:20,999 - INFO -   Wing CE: Strike 24350.0, LTP ₹48.05 (via Premium Proxy, target δ=12)
2026-04-25 11:05:21,000 - INFO -   Wing PE: Strike 23500.0, LTP ₹41.90 (via Premium Proxy, target δ=12)
2026-04-25 11:05:21,000 - INFO - Selected Execution Legs: {'sell_ce': 'NSE_FO|72259', 'sell_pe': 'NSE_FO|72260', 'buy_ce': 'NSE_FO|72312', 'buy_pe': 'NSE_FO|72229'}
2026-04-25 11:05:21,000 - INFO - Target Entry Prices: {'sell_ce': 193.45, 'sell_pe': 161.2, 'buy_ce': 48.05, 'buy_pe': 41.9}
2026-04-25 11:05:21,000 - INFO - Selected Strikes: {'sell_ce': 23900, 'sell_pe': 23900, 'buy_ce': 24350.0, 'buy_pe': 23500.0}
2026-04-25 11:05:21,000 - INFO - Synchronizing with Live Exchange Quotes to bypass cached API data...
2026-04-25 11:05:21,502 - INFO - Absolute Real-Time Entry Prices: {'sell_ce': 193.45, 'sell_pe': 161.2, 'buy_ce': 48.05, 'buy_pe': 41.9}
2026-04-25 11:05:21,502 - INFO - 🟡 SANDBOX MODE DETECTED: Simulating local paper execution...
2026-04-25 11:05:21,503 - INFO - ✅ Simulated Basket Executed Successfully!
2026-04-25 11:05:21,514 - INFO - Entering live risk monitoring phase...
2026-04-25 11:05:21,514 - INFO - Initializing SDK WebSocket connection for live risk management...
2026-04-25 11:05:21,516 - INFO - WebSocket Connected! Streaming live market data...
2026-04-25 11:05:22,522 - INFO - Websocket connected
2026-04-25 11:06:23,584 - CRITICAL - ☠️ SILENT DEATH DETECTED: No WebSocket ticks received for 60 seconds! Forcing emergency exit.
2026-04-25 11:06:23,737 - CRITICAL - ☠️ WebSocket died for NIFTY. This is NOT a trading loss — attempting reconnection...
2026-04-25 11:06:23,737 - INFO - Cooling down for 30 seconds before reconnection attempt...
2026-04-25 11:06:53,767 - INFO - Deploying fresh Iron Butterfly for NIFTY...
2026-04-25 11:06:53,767 - INFO - Fetching live spot price for NIFTY...
2026-04-25 11:06:54,013 - INFO - Live Spot Price for NIFTY is: 23897.95
2026-04-25 11:06:54,015 - INFO - Fetching option chain for NIFTY expiring on 2026-04-28...
2026-04-25 11:06:54,511 - INFO - 📊 India VIX: 19.71
2026-04-25 11:06:54,512 - INFO - 📊 VIX Profile Selected: HIGH_VIX (VIX=19.71) → Wing δ=12, Target=25%
2026-04-25 11:06:54,513 - INFO - Calculating Iron Butterfly strikes & prices (Wing δ=12)...
2026-04-25 11:06:54,513 - INFO - Selecting protective wings via delta-based method (target δ=12)...
2026-04-25 11:06:54,513 - INFO -   Wing CE: Strike 24350.0, LTP ₹48.05 (via Premium Proxy, target δ=12)
2026-04-25 11:06:54,514 - INFO -   Wing PE: Strike 23500.0, LTP ₹41.90 (via Premium Proxy, target δ=12)
2026-04-25 11:06:54,514 - INFO - Selected Execution Legs: {'sell_ce': 'NSE_FO|72259', 'sell_pe': 'NSE_FO|72260', 'buy_ce': 'NSE_FO|72312', 'buy_pe': 'NSE_FO|72229'}
2026-04-25 11:06:54,514 - INFO - Target Entry Prices: {'sell_ce': 193.45, 'sell_pe': 161.2, 'buy_ce': 48.05, 'buy_pe': 41.9}
2026-04-25 11:06:54,514 - INFO - Selected Strikes: {'sell_ce': 23900, 'sell_pe': 23900, 'buy_ce': 24350.0, 'buy_pe': 23500.0}
2026-04-25 11:06:54,514 - INFO - Synchronizing with Live Exchange Quotes to bypass cached API data...
2026-04-25 11:06:54,718 - INFO - Absolute Real-Time Entry Prices: {'sell_ce': 193.45, 'sell_pe': 161.2, 'buy_ce': 48.05, 'buy_pe': 41.9}
2026-04-25 11:06:54,718 - INFO - 🟡 SANDBOX MODE DETECTED: Simulating local paper execution...
2026-04-25 11:06:54,718 - INFO - ✅ Simulated Basket Executed Successfully!
2026-04-25 11:06:54,730 - INFO - Entering live risk monitoring phase...
2026-04-25 11:06:54,730 - INFO - Initializing SDK WebSocket connection for live risk management...
2026-04-25 11:06:54,732 - INFO - WebSocket Connected! Streaming live market data...
2026-04-25 11:06:55,734 - INFO - Websocket connected
2026-04-25 11:07:56,799 - CRITICAL - ☠️ SILENT DEATH DETECTED: No WebSocket ticks received for 60 seconds! Forcing emergency exit.
2026-04-25 11:07:56,952 - CRITICAL - ☠️ WebSocket died for NIFTY. This is NOT a trading loss — attempting reconnection...
2026-04-25 11:07:56,952 - INFO - Cooling down for 30 seconds before reconnection attempt...
2026-04-25 11:08:26,982 - INFO - Deploying fresh Iron Butterfly for NIFTY...
2026-04-25 11:08:26,982 - INFO - Fetching live spot price for NIFTY...
2026-04-25 11:08:27,190 - INFO - Live Spot Price for NIFTY is: 23897.95
2026-04-25 11:08:27,191 - INFO - Fetching option chain for NIFTY expiring on 2026-04-28...
2026-04-25 11:08:28,072 - INFO - 📊 India VIX: 19.71
2026-04-25 11:08:28,073 - INFO - 📊 VIX Profile Selected: HIGH_VIX (VIX=19.71) → Wing δ=12, Target=25%
2026-04-25 11:08:28,074 - INFO - Calculating Iron Butterfly strikes & prices (Wing δ=12)...
2026-04-25 11:08:28,074 - INFO - Selecting protective wings via delta-based method (target δ=12)...
2026-04-25 11:08:28,074 - INFO -   Wing CE: Strike 24350.0, LTP ₹48.05 (via Premium Proxy, target δ=12)
2026-04-25 11:08:28,075 - INFO -   Wing PE: Strike 23500.0, LTP ₹41.90 (via Premium Proxy, target δ=12)
2026-04-25 11:08:28,075 - INFO - Selected Execution Legs: {'sell_ce': 'NSE_FO|72259', 'sell_pe': 'NSE_FO|72260', 'buy_ce': 'NSE_FO|72312', 'buy_pe': 'NSE_FO|72229'}
2026-04-25 11:08:28,075 - INFO - Target Entry Prices: {'sell_ce': 193.45, 'sell_pe': 161.2, 'buy_ce': 48.05, 'buy_pe': 41.9}
2026-04-25 11:08:28,075 - INFO - Selected Strikes: {'sell_ce': 23900, 'sell_pe': 23900, 'buy_ce': 24350.0, 'buy_pe': 23500.0}
2026-04-25 11:08:28,075 - INFO - Synchronizing with Live Exchange Quotes to bypass cached API data...
2026-04-25 11:08:28,305 - INFO - Absolute Real-Time Entry Prices: {'sell_ce': 193.45, 'sell_pe': 161.2, 'buy_ce': 48.05, 'buy_pe': 41.9}
2026-04-25 11:08:28,305 - INFO - 🟡 SANDBOX MODE DETECTED: Simulating local paper execution...
2026-04-25 11:08:28,306 - INFO - ✅ Simulated Basket Executed Successfully!
2026-04-25 11:08:28,317 - INFO - Entering live risk monitoring phase...
2026-04-25 11:08:28,317 - INFO - Initializing SDK WebSocket connection for live risk management...
2026-04-25 11:08:28,318 - INFO - WebSocket Connected! Streaming live market data...
2026-04-25 11:08:29,306 - INFO - Websocket connected
2026-04-25 11:09:30,388 - CRITICAL - ☠️ SILENT DEATH DETECTED: No WebSocket ticks received for 60 seconds! Forcing emergency exit.
2026-04-25 11:09:30,540 - CRITICAL - ☠️ WebSocket died for NIFTY. This is NOT a trading loss — attempting reconnection...
2026-04-25 11:09:30,540 - INFO - Cooling down for 30 seconds before reconnection attempt...
2026-04-25 11:10:00,570 - INFO - Deploying fresh Iron Butterfly for NIFTY...
2026-04-25 11:10:00,571 - INFO - Fetching live spot price for NIFTY...
2026-04-25 11:10:00,778 - INFO - Live Spot Price for NIFTY is: 23897.95
2026-04-25 11:10:00,780 - INFO - Fetching option chain for NIFTY expiring on 2026-04-28...
2026-04-25 11:10:01,393 - INFO - 📊 India VIX: 19.71
2026-04-25 11:10:01,394 - INFO - 📊 VIX Profile Selected: HIGH_VIX (VIX=19.71) → Wing δ=12, Target=25%
2026-04-25 11:10:01,395 - INFO - Calculating Iron Butterfly strikes & prices (Wing δ=12)...
2026-04-25 11:10:01,395 - INFO - Selecting protective wings via delta-based method (target δ=12)...
2026-04-25 11:10:01,398 - INFO -   Wing CE: Strike 24350.0, LTP ₹48.05 (via Premium Proxy, target δ=12)
2026-04-25 11:10:01,399 - INFO -   Wing PE: Strike 23500.0, LTP ₹41.90 (via Premium Proxy, target δ=12)
2026-04-25 11:10:01,407 - INFO - Selected Execution Legs: {'sell_ce': 'NSE_FO|72259', 'sell_pe': 'NSE_FO|72260', 'buy_ce': 'NSE_FO|72312', 'buy_pe': 'NSE_FO|72229'}
2026-04-25 11:10:01,407 - INFO - Target Entry Prices: {'sell_ce': 193.45, 'sell_pe': 161.2, 'buy_ce': 48.05, 'buy_pe': 41.9}
2026-04-25 11:10:01,407 - INFO - Selected Strikes: {'sell_ce': 23900, 'sell_pe': 23900, 'buy_ce': 24350.0, 'buy_pe': 23500.0}
2026-04-25 11:10:01,407 - INFO - Synchronizing with Live Exchange Quotes to bypass cached API data...
2026-04-25 11:10:01,684 - INFO - Absolute Real-Time Entry Prices: {'sell_ce': 193.45, 'sell_pe': 161.2, 'buy_ce': 48.05, 'buy_pe': 41.9}
2026-04-25 11:10:01,684 - INFO - 🟡 SANDBOX MODE DETECTED: Simulating local paper execution...
2026-04-25 11:10:01,685 - INFO - ✅ Simulated Basket Executed Successfully!
2026-04-25 11:10:01,706 - INFO - Entering live risk monitoring phase...
2026-04-25 11:10:01,706 - INFO - Initializing SDK WebSocket connection for live risk management...
2026-04-25 11:10:01,718 - INFO - WebSocket Connected! Streaming live market data...
2026-04-25 11:10:02,779 - INFO - Websocket connected
2026-04-25 11:11:03,787 - CRITICAL - ☠️ SILENT DEATH DETECTED: No WebSocket ticks received for 60 seconds! Forcing emergency exit.
2026-04-25 11:11:03,940 - CRITICAL - ☠️ WebSocket died for NIFTY. This is NOT a trading loss — attempting reconnection...
2026-04-25 11:11:03,940 - INFO - Cooling down for 30 seconds before reconnection attempt...
2026-04-25 11:11:33,959 - INFO - Deploying fresh Iron Butterfly for NIFTY...
2026-04-25 11:11:33,959 - INFO - Fetching live spot price for NIFTY...
2026-04-25 11:11:34,192 - INFO - Live Spot Price for NIFTY is: 23897.95
2026-04-25 11:11:34,193 - INFO - Fetching option chain for NIFTY expiring on 2026-04-28...
2026-04-25 11:11:34,765 - INFO - 📊 India VIX: 19.71
2026-04-25 11:11:34,767 - INFO - 📊 VIX Profile Selected: HIGH_VIX (VIX=19.71) → Wing δ=12, Target=25%
2026-04-25 11:11:34,767 - INFO - Calculating Iron Butterfly strikes & prices (Wing δ=12)...
2026-04-25 11:11:34,768 - INFO - Selecting protective wings via delta-based method (target δ=12)...
2026-04-25 11:11:34,768 - INFO -   Wing CE: Strike 24350.0, LTP ₹48.05 (via Premium Proxy, target δ=12)
2026-04-25 11:11:34,768 - INFO -   Wing PE: Strike 23500.0, LTP ₹41.90 (via Premium Proxy, target δ=12)
2026-04-25 11:11:34,768 - INFO - Selected Execution Legs: {'sell_ce': 'NSE_FO|72259', 'sell_pe': 'NSE_FO|72260', 'buy_ce': 'NSE_FO|72312', 'buy_pe': 'NSE_FO|72229'}
2026-04-25 11:11:34,768 - INFO - Target Entry Prices: {'sell_ce': 193.45, 'sell_pe': 161.2, 'buy_ce': 48.05, 'buy_pe': 41.9}
2026-04-25 11:11:34,769 - INFO - Selected Strikes: {'sell_ce': 23900, 'sell_pe': 23900, 'buy_ce': 24350.0, 'buy_pe': 23500.0}
2026-04-25 11:11:34,769 - INFO - Synchronizing with Live Exchange Quotes to bypass cached API data...
2026-04-25 11:11:34,981 - INFO - Absolute Real-Time Entry Prices: {'sell_ce': 193.45, 'sell_pe': 161.2, 'buy_ce': 48.05, 'buy_pe': 41.9}
2026-04-25 11:11:34,982 - INFO - 🟡 SANDBOX MODE DETECTED: Simulating local paper execution...
2026-04-25 11:11:34,982 - INFO - ✅ Simulated Basket Executed Successfully!
2026-04-25 11:11:34,993 - INFO - Entering live risk monitoring phase...
2026-04-25 11:11:34,993 - INFO - Initializing SDK WebSocket connection for live risk management...
2026-04-25 11:11:34,995 - INFO - WebSocket Connected! Streaming live market data...
2026-04-25 11:11:36,113 - INFO - Websocket connected
2026-04-25 11:12:37,063 - CRITICAL - ☠️ SILENT DEATH DETECTED: No WebSocket ticks received for 60 seconds! Forcing emergency exit.
2026-04-25 11:12:37,215 - CRITICAL - ☠️ WebSocket died for NIFTY. This is NOT a trading loss — attempting reconnection...
2026-04-25 11:12:37,215 - INFO - Cooling down for 30 seconds before reconnection attempt...
2026-04-25 11:13:07,219 - INFO - Deploying fresh Iron Butterfly for NIFTY...
2026-04-25 11:13:07,219 - INFO - Fetching live spot price for NIFTY...
2026-04-25 11:13:07,438 - INFO - Live Spot Price for NIFTY is: 23897.95
2026-04-25 11:13:07,439 - INFO - Fetching option chain for NIFTY expiring on 2026-04-28...
2026-04-25 11:13:07,930 - INFO - 📊 India VIX: 19.71
2026-04-25 11:13:07,931 - INFO - 📊 VIX Profile Selected: HIGH_VIX (VIX=19.71) → Wing δ=12, Target=25%
2026-04-25 11:13:07,931 - INFO - Calculating Iron Butterfly strikes & prices (Wing δ=12)...
2026-04-25 11:13:07,932 - INFO - Selecting protective wings via delta-based method (target δ=12)...
2026-04-25 11:13:07,932 - INFO -   Wing CE: Strike 24350.0, LTP ₹48.05 (via Premium Proxy, target δ=12)
2026-04-25 11:13:07,932 - INFO -   Wing PE: Strike 23500.0, LTP ₹41.90 (via Premium Proxy, target δ=12)
2026-04-25 11:13:07,932 - INFO - Selected Execution Legs: {'sell_ce': 'NSE_FO|72259', 'sell_pe': 'NSE_FO|72260', 'buy_ce': 'NSE_FO|72312', 'buy_pe': 'NSE_FO|72229'}
2026-04-25 11:13:07,932 - INFO - Target Entry Prices: {'sell_ce': 193.45, 'sell_pe': 161.2, 'buy_ce': 48.05, 'buy_pe': 41.9}
2026-04-25 11:13:07,933 - INFO - Selected Strikes: {'sell_ce': 23900, 'sell_pe': 23900, 'buy_ce': 24350.0, 'buy_pe': 23500.0}
2026-04-25 11:13:07,933 - INFO - Synchronizing with Live Exchange Quotes to bypass cached API data...
2026-04-25 11:13:08,446 - INFO - Absolute Real-Time Entry Prices: {'sell_ce': 193.45, 'sell_pe': 161.2, 'buy_ce': 48.05, 'buy_pe': 41.9}
2026-04-25 11:13:08,447 - INFO - 🟡 SANDBOX MODE DETECTED: Simulating local paper execution...
2026-04-25 11:13:08,447 - INFO - ✅ Simulated Basket Executed Successfully!
2026-04-25 11:13:08,458 - INFO - Entering live risk monitoring phase...
2026-04-25 11:13:08,458 - INFO - Initializing SDK WebSocket connection for live risk management...
2026-04-25 11:13:08,459 - INFO - WebSocket Connected! Streaming live market data...
2026-04-25 11:13:09,449 - INFO - Websocket connected
2026-04-25 11:14:10,528 - CRITICAL - ☠️ SILENT DEATH DETECTED: No WebSocket ticks received for 60 seconds! Forcing emergency exit.
2026-04-25 11:14:10,681 - CRITICAL - ☠️ WebSocket died for NIFTY. This is NOT a trading loss — attempting reconnection...
2026-04-25 11:14:10,681 - INFO - Cooling down for 30 seconds before reconnection attempt...
2026-04-25 11:14:40,689 - INFO - Deploying fresh Iron Butterfly for NIFTY...
2026-04-25 11:14:40,689 - INFO - Fetching live spot price for NIFTY...
2026-04-25 11:14:40,917 - INFO - Live Spot Price for NIFTY is: 23897.95
2026-04-25 11:14:40,918 - INFO - Fetching option chain for NIFTY expiring on 2026-04-28...
2026-04-25 11:14:41,434 - INFO - 📊 India VIX: 19.71
2026-04-25 11:14:41,436 - INFO - 📊 VIX Profile Selected: HIGH_VIX (VIX=19.71) → Wing δ=12, Target=25%
2026-04-25 11:14:41,436 - INFO - Calculating Iron Butterfly strikes & prices (Wing δ=12)...
2026-04-25 11:14:41,436 - INFO - Selecting protective wings via delta-based method (target δ=12)...
2026-04-25 11:14:41,437 - INFO -   Wing CE: Strike 24350.0, LTP ₹48.05 (via Premium Proxy, target δ=12)
2026-04-25 11:14:41,437 - INFO -   Wing PE: Strike 23500.0, LTP ₹41.90 (via Premium Proxy, target δ=12)
2026-04-25 11:14:41,437 - INFO - Selected Execution Legs: {'sell_ce': 'NSE_FO|72259', 'sell_pe': 'NSE_FO|72260', 'buy_ce': 'NSE_FO|72312', 'buy_pe': 'NSE_FO|72229'}
2026-04-25 11:14:41,437 - INFO - Target Entry Prices: {'sell_ce': 193.45, 'sell_pe': 161.2, 'buy_ce': 48.05, 'buy_pe': 41.9}
2026-04-25 11:14:41,437 - INFO - Selected Strikes: {'sell_ce': 23900, 'sell_pe': 23900, 'buy_ce': 24350.0, 'buy_pe': 23500.0}
2026-04-25 11:14:41,437 - INFO - Synchronizing with Live Exchange Quotes to bypass cached API data...
2026-04-25 11:14:41,670 - INFO - Absolute Real-Time Entry Prices: {'sell_ce': 193.45, 'sell_pe': 161.2, 'buy_ce': 48.05, 'buy_pe': 41.9}
2026-04-25 11:14:41,671 - INFO - 🟡 SANDBOX MODE DETECTED: Simulating local paper execution...
2026-04-25 11:14:41,671 - INFO - ✅ Simulated Basket Executed Successfully!
2026-04-25 11:14:41,682 - INFO - Entering live risk monitoring phase...
2026-04-25 11:14:41,682 - INFO - Initializing SDK WebSocket connection for live risk management...
2026-04-25 11:14:41,685 - INFO - WebSocket Connected! Streaming live market data...
2026-04-25 11:14:42,659 - INFO - Websocket connected
2026-04-25 11:15:43,753 - CRITICAL - ☠️ SILENT DEATH DETECTED: No WebSocket ticks received for 60 seconds! Forcing emergency exit.
2026-04-25 11:15:43,906 - CRITICAL - ☠️ WebSocket died for NIFTY. This is NOT a trading loss — attempting reconnection...
2026-04-25 11:15:43,906 - INFO - Cooling down for 30 seconds before reconnection attempt...
2026-04-25 11:16:13,936 - INFO - Deploying fresh Iron Butterfly for NIFTY...
2026-04-25 11:16:13,936 - INFO - Fetching live spot price for NIFTY...
2026-04-25 11:16:14,457 - INFO - Live Spot Price for NIFTY is: 23897.95
2026-04-25 11:16:14,459 - INFO - Fetching option chain for NIFTY expiring on 2026-04-28...
2026-04-25 11:16:15,069 - INFO - 📊 India VIX: 19.71
2026-04-25 11:16:15,071 - INFO - 📊 VIX Profile Selected: HIGH_VIX (VIX=19.71) → Wing δ=12, Target=25%
2026-04-25 11:16:15,071 - INFO - Calculating Iron Butterfly strikes & prices (Wing δ=12)...
2026-04-25 11:16:15,071 - INFO - Selecting protective wings via delta-based method (target δ=12)...
2026-04-25 11:16:15,071 - INFO -   Wing CE: Strike 24350.0, LTP ₹48.05 (via Premium Proxy, target δ=12)
2026-04-25 11:16:15,072 - INFO -   Wing PE: Strike 23500.0, LTP ₹41.90 (via Premium Proxy, target δ=12)
2026-04-25 11:16:15,072 - INFO - Selected Execution Legs: {'sell_ce': 'NSE_FO|72259', 'sell_pe': 'NSE_FO|72260', 'buy_ce': 'NSE_FO|72312', 'buy_pe': 'NSE_FO|72229'}
2026-04-25 11:16:15,072 - INFO - Target Entry Prices: {'sell_ce': 193.45, 'sell_pe': 161.2, 'buy_ce': 48.05, 'buy_pe': 41.9}
2026-04-25 11:16:15,072 - INFO - Selected Strikes: {'sell_ce': 23900, 'sell_pe': 23900, 'buy_ce': 24350.0, 'buy_pe': 23500.0}
2026-04-25 11:16:15,072 - INFO - Synchronizing with Live Exchange Quotes to bypass cached API data...
2026-04-25 11:16:15,276 - INFO - Absolute Real-Time Entry Prices: {'sell_ce': 193.45, 'sell_pe': 161.2, 'buy_ce': 48.05, 'buy_pe': 41.9}
2026-04-25 11:16:15,277 - INFO - 🟡 SANDBOX MODE DETECTED: Simulating local paper execution...
2026-04-25 11:16:15,277 - INFO - ✅ Simulated Basket Executed Successfully!
2026-04-25 11:16:15,289 - INFO - Entering live risk monitoring phase...
2026-04-25 11:16:15,289 - INFO - Initializing SDK WebSocket connection for live risk management...
2026-04-25 11:16:15,292 - INFO - WebSocket Connected! Streaming live market data...
2026-04-25 11:16:16,283 - INFO - Websocket connected
2026-04-25 11:17:17,361 - CRITICAL - ☠️ SILENT DEATH DETECTED: No WebSocket ticks received for 60 seconds! Forcing emergency exit.
2026-04-25 11:17:17,513 - CRITICAL - ☠️ WebSocket died for NIFTY. This is NOT a trading loss — attempting reconnection...
2026-04-25 11:17:17,513 - INFO - Cooling down for 30 seconds before reconnection attempt...
2026-04-25 11:17:47,539 - INFO - Deploying fresh Iron Butterfly for NIFTY...
2026-04-25 11:17:47,539 - INFO - Fetching live spot price for NIFTY...
2026-04-25 11:17:47,745 - INFO - Live Spot Price for NIFTY is: 23897.95
2026-04-25 11:17:47,746 - INFO - Fetching option chain for NIFTY expiring on 2026-04-28...
2026-04-25 11:17:48,323 - INFO - 📊 India VIX: 19.71
2026-04-25 11:17:48,324 - INFO - 📊 VIX Profile Selected: HIGH_VIX (VIX=19.71) → Wing δ=12, Target=25%
2026-04-25 11:17:48,325 - INFO - Calculating Iron Butterfly strikes & prices (Wing δ=12)...
2026-04-25 11:17:48,325 - INFO - Selecting protective wings via delta-based method (target δ=12)...
2026-04-25 11:17:48,326 - INFO -   Wing CE: Strike 24350.0, LTP ₹48.05 (via Premium Proxy, target δ=12)
2026-04-25 11:17:48,326 - INFO -   Wing PE: Strike 23500.0, LTP ₹41.90 (via Premium Proxy, target δ=12)
2026-04-25 11:17:48,326 - INFO - Selected Execution Legs: {'sell_ce': 'NSE_FO|72259', 'sell_pe': 'NSE_FO|72260', 'buy_ce': 'NSE_FO|72312', 'buy_pe': 'NSE_FO|72229'}
2026-04-25 11:17:48,326 - INFO - Target Entry Prices: {'sell_ce': 193.45, 'sell_pe': 161.2, 'buy_ce': 48.05, 'buy_pe': 41.9}
2026-04-25 11:17:48,326 - INFO - Selected Strikes: {'sell_ce': 23900, 'sell_pe': 23900, 'buy_ce': 24350.0, 'buy_pe': 23500.0}
2026-04-25 11:17:48,326 - INFO - Synchronizing with Live Exchange Quotes to bypass cached API data...
2026-04-25 11:17:48,530 - INFO - Absolute Real-Time Entry Prices: {'sell_ce': 193.45, 'sell_pe': 161.2, 'buy_ce': 48.05, 'buy_pe': 41.9}
2026-04-25 11:17:48,530 - INFO - 🟡 SANDBOX MODE DETECTED: Simulating local paper execution...
2026-04-25 11:17:48,531 - INFO - ✅ Simulated Basket Executed Successfully!
2026-04-25 11:17:48,542 - INFO - Entering live risk monitoring phase...
2026-04-25 11:17:48,542 - INFO - Initializing SDK WebSocket connection for live risk management...
2026-04-25 11:17:48,543 - INFO - WebSocket Connected! Streaming live market data...
2026-04-25 11:17:49,532 - INFO - Websocket connected
2026-04-25 11:18:50,611 - CRITICAL - ☠️ SILENT DEATH DETECTED: No WebSocket ticks received for 60 seconds! Forcing emergency exit.
2026-04-25 11:18:50,763 - CRITICAL - ☠️ WebSocket died for NIFTY. This is NOT a trading loss — attempting reconnection...
2026-04-25 11:18:50,764 - INFO - Cooling down for 30 seconds before reconnection attempt...
2026-04-25 11:19:20,794 - INFO - Deploying fresh Iron Butterfly for NIFTY...
2026-04-25 11:19:20,794 - INFO - Fetching live spot price for NIFTY...
2026-04-25 11:19:21,013 - INFO - Live Spot Price for NIFTY is: 23897.95
2026-04-25 11:19:21,015 - INFO - Fetching option chain for NIFTY expiring on 2026-04-28...
2026-04-25 11:19:21,603 - INFO - 📊 India VIX: 19.71
2026-04-25 11:19:21,604 - INFO - 📊 VIX Profile Selected: HIGH_VIX (VIX=19.71) → Wing δ=12, Target=25%
2026-04-25 11:19:21,605 - INFO - Calculating Iron Butterfly strikes & prices (Wing δ=12)...
2026-04-25 11:19:21,605 - INFO - Selecting protective wings via delta-based method (target δ=12)...
2026-04-25 11:19:21,605 - INFO -   Wing CE: Strike 24350.0, LTP ₹48.05 (via Premium Proxy, target δ=12)
2026-04-25 11:19:21,606 - INFO -   Wing PE: Strike 23500.0, LTP ₹41.90 (via Premium Proxy, target δ=12)
2026-04-25 11:19:21,606 - INFO - Selected Execution Legs: {'sell_ce': 'NSE_FO|72259', 'sell_pe': 'NSE_FO|72260', 'buy_ce': 'NSE_FO|72312', 'buy_pe': 'NSE_FO|72229'}
2026-04-25 11:19:21,606 - INFO - Target Entry Prices: {'sell_ce': 193.45, 'sell_pe': 161.2, 'buy_ce': 48.05, 'buy_pe': 41.9}
2026-04-25 11:19:21,606 - INFO - Selected Strikes: {'sell_ce': 23900, 'sell_pe': 23900, 'buy_ce': 24350.0, 'buy_pe': 23500.0}
2026-04-25 11:19:21,606 - INFO - Synchronizing with Live Exchange Quotes to bypass cached API data...
2026-04-25 11:19:21,821 - INFO - Absolute Real-Time Entry Prices: {'sell_ce': 193.45, 'sell_pe': 161.2, 'buy_ce': 48.05, 'buy_pe': 41.9}
2026-04-25 11:19:21,822 - INFO - 🟡 SANDBOX MODE DETECTED: Simulating local paper execution...
2026-04-25 11:19:21,822 - INFO - ✅ Simulated Basket Executed Successfully!
2026-04-25 11:19:21,833 - INFO - Entering live risk monitoring phase...
2026-04-25 11:19:21,833 - INFO - Initializing SDK WebSocket connection for live risk management...
2026-04-25 11:19:21,835 - INFO - WebSocket Connected! Streaming live market data...
2026-04-25 11:19:22,832 - INFO - Websocket connected
2026-04-25 11:20:23,903 - CRITICAL - ☠️ SILENT DEATH DETECTED: No WebSocket ticks received for 60 seconds! Forcing emergency exit.
2026-04-25 11:20:24,058 - CRITICAL - ☠️ WebSocket died for NIFTY. This is NOT a trading loss — attempting reconnection...
2026-04-25 11:20:24,058 - INFO - Cooling down for 30 seconds before reconnection attempt...
2026-04-25 11:20:54,089 - INFO - Deploying fresh Iron Butterfly for NIFTY...
2026-04-25 11:20:54,089 - INFO - Fetching live spot price for NIFTY...
2026-04-25 11:20:54,295 - INFO - Live Spot Price for NIFTY is: 23897.95
2026-04-25 11:20:54,296 - INFO - Fetching option chain for NIFTY expiring on 2026-04-28...
2026-04-25 11:20:55,180 - INFO - 📊 India VIX: 19.71
2026-04-25 11:20:55,182 - INFO - 📊 VIX Profile Selected: HIGH_VIX (VIX=19.71) → Wing δ=12, Target=25%
2026-04-25 11:20:55,182 - INFO - Calculating Iron Butterfly strikes & prices (Wing δ=12)...
2026-04-25 11:20:55,183 - INFO - Selecting protective wings via delta-based method (target δ=12)...
2026-04-25 11:20:55,183 - INFO -   Wing CE: Strike 24350.0, LTP ₹48.05 (via Premium Proxy, target δ=12)
2026-04-25 11:20:55,183 - INFO -   Wing PE: Strike 23500.0, LTP ₹41.90 (via Premium Proxy, target δ=12)
2026-04-25 11:20:55,183 - INFO - Selected Execution Legs: {'sell_ce': 'NSE_FO|72259', 'sell_pe': 'NSE_FO|72260', 'buy_ce': 'NSE_FO|72312', 'buy_pe': 'NSE_FO|72229'}
2026-04-25 11:20:55,183 - INFO - Target Entry Prices: {'sell_ce': 193.45, 'sell_pe': 161.2, 'buy_ce': 48.05, 'buy_pe': 41.9}
2026-04-25 11:20:55,184 - INFO - Selected Strikes: {'sell_ce': 23900, 'sell_pe': 23900, 'buy_ce': 24350.0, 'buy_pe': 23500.0}
2026-04-25 11:20:55,184 - INFO - Synchronizing with Live Exchange Quotes to bypass cached API data...
2026-04-25 11:20:55,391 - INFO - Absolute Real-Time Entry Prices: {'sell_ce': 193.45, 'sell_pe': 161.2, 'buy_ce': 48.05, 'buy_pe': 41.9}
2026-04-25 11:20:55,392 - INFO - 🟡 SANDBOX MODE DETECTED: Simulating local paper execution...
2026-04-25 11:20:55,392 - INFO - ✅ Simulated Basket Executed Successfully!
2026-04-25 11:20:55,403 - INFO - Entering live risk monitoring phase...
2026-04-25 11:20:55,403 - INFO - Initializing SDK WebSocket connection for live risk management...
2026-04-25 11:20:55,405 - INFO - WebSocket Connected! Streaming live market data...
2026-04-25 11:20:56,383 - INFO - Websocket connected
2026-04-25 11:21:57,473 - CRITICAL - ☠️ SILENT DEATH DETECTED: No WebSocket ticks received for 60 seconds! Forcing emergency exit.
2026-04-25 11:21:57,627 - CRITICAL - ☠️ WebSocket died for NIFTY. This is NOT a trading loss — attempting reconnection...
2026-04-25 11:21:57,628 - INFO - Cooling down for 30 seconds before reconnection attempt...
2026-04-25 11:22:27,658 - INFO - Deploying fresh Iron Butterfly for NIFTY...
2026-04-25 11:22:27,658 - INFO - Fetching live spot price for NIFTY...
2026-04-25 11:22:28,164 - INFO - Live Spot Price for NIFTY is: 23897.95
2026-04-25 11:22:28,165 - INFO - Fetching option chain for NIFTY expiring on 2026-04-28...
2026-04-25 11:22:28,742 - INFO - 📊 India VIX: 19.71
2026-04-25 11:22:28,744 - INFO - 📊 VIX Profile Selected: HIGH_VIX (VIX=19.71) → Wing δ=12, Target=25%
2026-04-25 11:22:28,744 - INFO - Calculating Iron Butterfly strikes & prices (Wing δ=12)...
2026-04-25 11:22:28,744 - INFO - Selecting protective wings via delta-based method (target δ=12)...
2026-04-25 11:22:28,745 - INFO -   Wing CE: Strike 24350.0, LTP ₹48.05 (via Premium Proxy, target δ=12)
2026-04-25 11:22:28,745 - INFO -   Wing PE: Strike 23500.0, LTP ₹41.90 (via Premium Proxy, target δ=12)
2026-04-25 11:22:28,745 - INFO - Selected Execution Legs: {'sell_ce': 'NSE_FO|72259', 'sell_pe': 'NSE_FO|72260', 'buy_ce': 'NSE_FO|72312', 'buy_pe': 'NSE_FO|72229'}
2026-04-25 11:22:28,745 - INFO - Target Entry Prices: {'sell_ce': 193.45, 'sell_pe': 161.2, 'buy_ce': 48.05, 'buy_pe': 41.9}
2026-04-25 11:22:28,745 - INFO - Selected Strikes: {'sell_ce': 23900, 'sell_pe': 23900, 'buy_ce': 24350.0, 'buy_pe': 23500.0}
2026-04-25 11:22:28,745 - INFO - Synchronizing with Live Exchange Quotes to bypass cached API data...
2026-04-25 11:22:28,969 - INFO - Absolute Real-Time Entry Prices: {'sell_ce': 193.45, 'sell_pe': 161.2, 'buy_ce': 48.05, 'buy_pe': 41.9}
2026-04-25 11:22:28,970 - INFO - 🟡 SANDBOX MODE DETECTED: Simulating local paper execution...
2026-04-25 11:22:28,970 - INFO - ✅ Simulated Basket Executed Successfully!
2026-04-25 11:22:28,981 - INFO - Entering live risk monitoring phase...
2026-04-25 11:22:28,981 - INFO - Initializing SDK WebSocket connection for live risk management...
2026-04-25 11:22:28,983 - INFO - WebSocket Connected! Streaming live market data...
2026-04-25 11:22:29,961 - INFO - Websocket connected
2026-04-25 11:23:31,052 - CRITICAL - ☠️ SILENT DEATH DETECTED: No WebSocket ticks received for 60 seconds! Forcing emergency exit.
2026-04-25 11:23:31,206 - CRITICAL - ☠️ WebSocket died for NIFTY. This is NOT a trading loss — attempting reconnection...
2026-04-25 11:23:31,206 - INFO - Cooling down for 30 seconds before reconnection attempt...
2026-04-25 11:24:01,230 - INFO - Deploying fresh Iron Butterfly for NIFTY...
2026-04-25 11:24:01,231 - INFO - Fetching live spot price for NIFTY...
2026-04-25 11:24:01,485 - INFO - Live Spot Price for NIFTY is: 23897.95
2026-04-25 11:24:01,486 - INFO - Fetching option chain for NIFTY expiring on 2026-04-28...
2026-04-25 11:24:02,435 - INFO - 📊 India VIX: 19.71
2026-04-25 11:24:02,437 - INFO - 📊 VIX Profile Selected: HIGH_VIX (VIX=19.71) → Wing δ=12, Target=25%
2026-04-25 11:24:02,441 - INFO - Calculating Iron Butterfly strikes & prices (Wing δ=12)...
2026-04-25 11:24:02,441 - INFO - Selecting protective wings via delta-based method (target δ=12)...
2026-04-25 11:24:02,443 - INFO -   Wing CE: Strike 24350.0, LTP ₹48.05 (via Premium Proxy, target δ=12)
2026-04-25 11:24:02,444 - INFO -   Wing PE: Strike 23500.0, LTP ₹41.90 (via Premium Proxy, target δ=12)
2026-04-25 11:24:02,445 - INFO - Selected Execution Legs: {'sell_ce': 'NSE_FO|72259', 'sell_pe': 'NSE_FO|72260', 'buy_ce': 'NSE_FO|72312', 'buy_pe': 'NSE_FO|72229'}
2026-04-25 11:24:02,445 - INFO - Target Entry Prices: {'sell_ce': 193.45, 'sell_pe': 161.2, 'buy_ce': 48.05, 'buy_pe': 41.9}
2026-04-25 11:24:02,445 - INFO - Selected Strikes: {'sell_ce': 23900, 'sell_pe': 23900, 'buy_ce': 24350.0, 'buy_pe': 23500.0}
2026-04-25 11:24:02,445 - INFO - Synchronizing with Live Exchange Quotes to bypass cached API data...
2026-04-25 11:24:02,660 - INFO - Absolute Real-Time Entry Prices: {'sell_ce': 193.45, 'sell_pe': 161.2, 'buy_ce': 48.05, 'buy_pe': 41.9}
2026-04-25 11:24:02,660 - INFO - 🟡 SANDBOX MODE DETECTED: Simulating local paper execution...
2026-04-25 11:24:02,660 - INFO - ✅ Simulated Basket Executed Successfully!
2026-04-25 11:24:02,687 - INFO - Entering live risk monitoring phase...
2026-04-25 11:24:02,687 - INFO - Initializing SDK WebSocket connection for live risk management...
2026-04-25 11:24:02,695 - INFO - WebSocket Connected! Streaming live market data...
2026-04-25 11:24:03,677 - INFO - Websocket connected
2026-04-25 11:25:04,765 - CRITICAL - ☠️ SILENT DEATH DETECTED: No WebSocket ticks received for 60 seconds! Forcing emergency exit.
2026-04-25 11:25:04,918 - CRITICAL - ☠️ WebSocket died for NIFTY. This is NOT a trading loss — attempting reconnection...
2026-04-25 11:25:04,918 - INFO - Cooling down for 30 seconds before reconnection attempt...
2026-04-25 11:25:34,949 - INFO - Deploying fresh Iron Butterfly for NIFTY...
2026-04-25 11:25:34,949 - INFO - Fetching live spot price for NIFTY...
2026-04-25 11:25:35,188 - INFO - Live Spot Price for NIFTY is: 23897.95
2026-04-25 11:25:35,190 - INFO - Fetching option chain for NIFTY expiring on 2026-04-28...
2026-04-25 11:25:36,046 - INFO - 📊 India VIX: 19.71
2026-04-25 11:25:36,048 - INFO - 📊 VIX Profile Selected: HIGH_VIX (VIX=19.71) → Wing δ=12, Target=25%
2026-04-25 11:25:36,048 - INFO - Calculating Iron Butterfly strikes & prices (Wing δ=12)...
2026-04-25 11:25:36,048 - INFO - Selecting protective wings via delta-based method (target δ=12)...
2026-04-25 11:25:36,049 - INFO -   Wing CE: Strike 24350.0, LTP ₹48.05 (via Premium Proxy, target δ=12)
2026-04-25 11:25:36,049 - INFO -   Wing PE: Strike 23500.0, LTP ₹41.90 (via Premium Proxy, target δ=12)
2026-04-25 11:25:36,049 - INFO - Selected Execution Legs: {'sell_ce': 'NSE_FO|72259', 'sell_pe': 'NSE_FO|72260', 'buy_ce': 'NSE_FO|72312', 'buy_pe': 'NSE_FO|72229'}
2026-04-25 11:25:36,049 - INFO - Target Entry Prices: {'sell_ce': 193.45, 'sell_pe': 161.2, 'buy_ce': 48.05, 'buy_pe': 41.9}
2026-04-25 11:25:36,049 - INFO - Selected Strikes: {'sell_ce': 23900, 'sell_pe': 23900, 'buy_ce': 24350.0, 'buy_pe': 23500.0}
2026-04-25 11:25:36,049 - INFO - Synchronizing with Live Exchange Quotes to bypass cached API data...
2026-04-25 11:25:36,247 - INFO - Absolute Real-Time Entry Prices: {'sell_ce': 193.45, 'sell_pe': 161.2, 'buy_ce': 48.05, 'buy_pe': 41.9}
2026-04-25 11:25:36,247 - INFO - 🟡 SANDBOX MODE DETECTED: Simulating local paper execution...
2026-04-25 11:25:36,247 - INFO - ✅ Simulated Basket Executed Successfully!
2026-04-25 11:25:36,258 - INFO - Entering live risk monitoring phase...
2026-04-25 11:25:36,259 - INFO - Initializing SDK WebSocket connection for live risk management...
2026-04-25 11:25:36,260 - INFO - WebSocket Connected! Streaming live market data...
2026-04-25 11:25:37,311 - INFO - Websocket connected
2026-04-25 11:26:38,327 - CRITICAL - ☠️ SILENT DEATH DETECTED: No WebSocket ticks received for 60 seconds! Forcing emergency exit.
2026-04-25 11:26:38,482 - CRITICAL - ☠️ WebSocket died for NIFTY. This is NOT a trading loss — attempting reconnection...
2026-04-25 11:26:38,482 - INFO - Cooling down for 30 seconds before reconnection attempt...
2026-04-25 11:27:08,499 - INFO - Deploying fresh Iron Butterfly for NIFTY...
2026-04-25 11:27:08,499 - INFO - Fetching live spot price for NIFTY...
2026-04-25 11:27:08,706 - INFO - Live Spot Price for NIFTY is: 23897.95
2026-04-25 11:27:08,707 - INFO - Fetching option chain for NIFTY expiring on 2026-04-28...
2026-04-25 11:27:09,314 - INFO - 📊 India VIX: 19.71
2026-04-25 11:27:09,315 - INFO - 📊 VIX Profile Selected: HIGH_VIX (VIX=19.71) → Wing δ=12, Target=25%
2026-04-25 11:27:09,315 - INFO - Calculating Iron Butterfly strikes & prices (Wing δ=12)...
2026-04-25 11:27:09,316 - INFO - Selecting protective wings via delta-based method (target δ=12)...
2026-04-25 11:27:09,316 - INFO -   Wing CE: Strike 24350.0, LTP ₹48.05 (via Premium Proxy, target δ=12)
2026-04-25 11:27:09,316 - INFO -   Wing PE: Strike 23500.0, LTP ₹41.90 (via Premium Proxy, target δ=12)
2026-04-25 11:27:09,316 - INFO - Selected Execution Legs: {'sell_ce': 'NSE_FO|72259', 'sell_pe': 'NSE_FO|72260', 'buy_ce': 'NSE_FO|72312', 'buy_pe': 'NSE_FO|72229'}
2026-04-25 11:27:09,316 - INFO - Target Entry Prices: {'sell_ce': 193.45, 'sell_pe': 161.2, 'buy_ce': 48.05, 'buy_pe': 41.9}
2026-04-25 11:27:09,316 - INFO - Selected Strikes: {'sell_ce': 23900, 'sell_pe': 23900, 'buy_ce': 24350.0, 'buy_pe': 23500.0}
2026-04-25 11:27:09,316 - INFO - Synchronizing with Live Exchange Quotes to bypass cached API data...
2026-04-25 11:27:09,522 - INFO - Absolute Real-Time Entry Prices: {'sell_ce': 193.45, 'sell_pe': 161.2, 'buy_ce': 48.05, 'buy_pe': 41.9}
2026-04-25 11:27:09,522 - INFO - 🟡 SANDBOX MODE DETECTED: Simulating local paper execution...
2026-04-25 11:27:09,522 - INFO - ✅ Simulated Basket Executed Successfully!
2026-04-25 11:27:09,532 - INFO - Entering live risk monitoring phase...
2026-04-25 11:27:09,532 - INFO - Initializing SDK WebSocket connection for live risk management...
2026-04-25 11:27:09,533 - INFO - WebSocket Connected! Streaming live market data...
2026-04-25 11:27:10,546 - INFO - Websocket connected
2026-04-25 11:28:11,602 - CRITICAL - ☠️ SILENT DEATH DETECTED: No WebSocket ticks received for 60 seconds! Forcing emergency exit.
2026-04-25 11:28:11,754 - CRITICAL - ☠️ WebSocket died for NIFTY. This is NOT a trading loss — attempting reconnection...
2026-04-25 11:28:11,754 - INFO - Cooling down for 30 seconds before reconnection attempt...
2026-04-25 11:28:41,784 - INFO - Deploying fresh Iron Butterfly for NIFTY...
2026-04-25 11:28:41,784 - INFO - Fetching live spot price for NIFTY...
2026-04-25 11:28:41,980 - INFO - Live Spot Price for NIFTY is: 23897.95
2026-04-25 11:28:41,981 - INFO - Fetching option chain for NIFTY expiring on 2026-04-28...
2026-04-25 11:28:42,454 - INFO - 📊 India VIX: 19.71
2026-04-25 11:28:42,455 - INFO - 📊 VIX Profile Selected: HIGH_VIX (VIX=19.71) → Wing δ=12, Target=25%
2026-04-25 11:28:42,455 - INFO - Calculating Iron Butterfly strikes & prices (Wing δ=12)...
2026-04-25 11:28:42,456 - INFO - Selecting protective wings via delta-based method (target δ=12)...
2026-04-25 11:28:42,456 - INFO -   Wing CE: Strike 24350.0, LTP ₹48.05 (via Premium Proxy, target δ=12)
2026-04-25 11:28:42,456 - INFO -   Wing PE: Strike 23500.0, LTP ₹41.90 (via Premium Proxy, target δ=12)
2026-04-25 11:28:42,456 - INFO - Selected Execution Legs: {'sell_ce': 'NSE_FO|72259', 'sell_pe': 'NSE_FO|72260', 'buy_ce': 'NSE_FO|72312', 'buy_pe': 'NSE_FO|72229'}
2026-04-25 11:28:42,456 - INFO - Target Entry Prices: {'sell_ce': 193.45, 'sell_pe': 161.2, 'buy_ce': 48.05, 'buy_pe': 41.9}
2026-04-25 11:28:42,456 - INFO - Selected Strikes: {'sell_ce': 23900, 'sell_pe': 23900, 'buy_ce': 24350.0, 'buy_pe': 23500.0}
2026-04-25 11:28:42,456 - INFO - Synchronizing with Live Exchange Quotes to bypass cached API data...
2026-04-25 11:28:42,669 - INFO - Absolute Real-Time Entry Prices: {'sell_ce': 193.45, 'sell_pe': 161.2, 'buy_ce': 48.05, 'buy_pe': 41.9}
2026-04-25 11:28:42,669 - INFO - 🟡 SANDBOX MODE DETECTED: Simulating local paper execution...
2026-04-25 11:28:42,669 - INFO - ✅ Simulated Basket Executed Successfully!
2026-04-25 11:28:42,679 - INFO - Entering live risk monitoring phase...
2026-04-25 11:28:42,679 - INFO - Initializing SDK WebSocket connection for live risk management...
2026-04-25 11:28:42,681 - INFO - WebSocket Connected! Streaming live market data...
2026-04-25 11:28:43,683 - INFO - Websocket connected
2026-04-25 11:29:44,749 - CRITICAL - ☠️ SILENT DEATH DETECTED: No WebSocket ticks received for 60 seconds! Forcing emergency exit.
2026-04-25 11:29:44,902 - CRITICAL - ☠️ WebSocket died for NIFTY. This is NOT a trading loss — attempting reconnection...
2026-04-25 11:29:44,902 - INFO - Cooling down for 30 seconds before reconnection attempt...
2026-04-25 11:30:14,919 - INFO - Deploying fresh Iron Butterfly for NIFTY...
2026-04-25 11:30:14,919 - INFO - Fetching live spot price for NIFTY...
2026-04-25 11:30:15,116 - INFO - Live Spot Price for NIFTY is: 23897.95
2026-04-25 11:30:15,117 - INFO - Fetching option chain for NIFTY expiring on 2026-04-28...
2026-04-25 11:30:15,721 - INFO - 📊 India VIX: 19.71
2026-04-25 11:30:15,722 - INFO - 📊 VIX Profile Selected: HIGH_VIX (VIX=19.71) → Wing δ=12, Target=25%
2026-04-25 11:30:15,722 - INFO - Calculating Iron Butterfly strikes & prices (Wing δ=12)...
2026-04-25 11:30:15,723 - INFO - Selecting protective wings via delta-based method (target δ=12)...
2026-04-25 11:30:15,723 - INFO -   Wing CE: Strike 24350.0, LTP ₹48.05 (via Premium Proxy, target δ=12)
2026-04-25 11:30:15,723 - INFO -   Wing PE: Strike 23500.0, LTP ₹41.90 (via Premium Proxy, target δ=12)
2026-04-25 11:30:15,723 - INFO - Selected Execution Legs: {'sell_ce': 'NSE_FO|72259', 'sell_pe': 'NSE_FO|72260', 'buy_ce': 'NSE_FO|72312', 'buy_pe': 'NSE_FO|72229'}
2026-04-25 11:30:15,723 - INFO - Target Entry Prices: {'sell_ce': 193.45, 'sell_pe': 161.2, 'buy_ce': 48.05, 'buy_pe': 41.9}
2026-04-25 11:30:15,723 - INFO - Selected Strikes: {'sell_ce': 23900, 'sell_pe': 23900, 'buy_ce': 24350.0, 'buy_pe': 23500.0}
2026-04-25 11:30:15,723 - INFO - Synchronizing with Live Exchange Quotes to bypass cached API data...
2026-04-25 11:30:15,916 - INFO - Absolute Real-Time Entry Prices: {'sell_ce': 193.45, 'sell_pe': 161.2, 'buy_ce': 48.05, 'buy_pe': 41.9}
2026-04-25 11:30:15,917 - INFO - 🟡 SANDBOX MODE DETECTED: Simulating local paper execution...
2026-04-25 11:30:15,917 - INFO - ✅ Simulated Basket Executed Successfully!
2026-04-25 11:30:15,926 - INFO - Entering live risk monitoring phase...
2026-04-25 11:30:15,927 - INFO - Initializing SDK WebSocket connection for live risk management...
2026-04-25 11:30:15,928 - INFO - WebSocket Connected! Streaming live market data...
2026-04-25 11:30:16,930 - INFO - Websocket connected
2026-04-25 11:31:17,997 - CRITICAL - ☠️ SILENT DEATH DETECTED: No WebSocket ticks received for 60 seconds! Forcing emergency exit.
2026-04-25 11:31:18,150 - CRITICAL - ☠️ WebSocket died for NIFTY. This is NOT a trading loss — attempting reconnection...
2026-04-25 11:31:18,150 - INFO - Cooling down for 30 seconds before reconnection attempt...
2026-04-25 11:31:48,180 - INFO - Deploying fresh Iron Butterfly for NIFTY...
2026-04-25 11:31:48,180 - INFO - Fetching live spot price for NIFTY...
2026-04-25 11:31:48,714 - INFO - Live Spot Price for NIFTY is: 23897.95
2026-04-25 11:31:48,715 - INFO - Fetching option chain for NIFTY expiring on 2026-04-28...
2026-04-25 11:31:49,316 - INFO - 📊 India VIX: 19.71
2026-04-25 11:31:49,318 - INFO - 📊 VIX Profile Selected: HIGH_VIX (VIX=19.71) → Wing δ=12, Target=25%
2026-04-25 11:31:49,318 - INFO - Calculating Iron Butterfly strikes & prices (Wing δ=12)...
2026-04-25 11:31:49,318 - INFO - Selecting protective wings via delta-based method (target δ=12)...
2026-04-25 11:31:49,319 - INFO -   Wing CE: Strike 24350.0, LTP ₹48.05 (via Premium Proxy, target δ=12)
2026-04-25 11:31:49,319 - INFO -   Wing PE: Strike 23500.0, LTP ₹41.90 (via Premium Proxy, target δ=12)
2026-04-25 11:31:49,319 - INFO - Selected Execution Legs: {'sell_ce': 'NSE_FO|72259', 'sell_pe': 'NSE_FO|72260', 'buy_ce': 'NSE_FO|72312', 'buy_pe': 'NSE_FO|72229'}
2026-04-25 11:31:49,319 - INFO - Target Entry Prices: {'sell_ce': 193.45, 'sell_pe': 161.2, 'buy_ce': 48.05, 'buy_pe': 41.9}
2026-04-25 11:31:49,319 - INFO - Selected Strikes: {'sell_ce': 23900, 'sell_pe': 23900, 'buy_ce': 24350.0, 'buy_pe': 23500.0}
2026-04-25 11:31:49,319 - INFO - Synchronizing with Live Exchange Quotes to bypass cached API data...
2026-04-25 11:31:49,518 - INFO - Absolute Real-Time Entry Prices: {'sell_ce': 193.45, 'sell_pe': 161.2, 'buy_ce': 48.05, 'buy_pe': 41.9}
2026-04-25 11:31:49,518 - INFO - 🟡 SANDBOX MODE DETECTED: Simulating local paper execution...
2026-04-25 11:31:49,518 - INFO - ✅ Simulated Basket Executed Successfully!
2026-04-25 11:31:49,528 - INFO - Entering live risk monitoring phase...
2026-04-25 11:31:49,528 - INFO - Initializing SDK WebSocket connection for live risk management...
2026-04-25 11:31:49,530 - INFO - WebSocket Connected! Streaming live market data...
2026-04-25 11:31:50,534 - INFO - Websocket connected
2026-04-25 11:32:51,597 - CRITICAL - ☠️ SILENT DEATH DETECTED: No WebSocket ticks received for 60 seconds! Forcing emergency exit.
2026-04-25 11:32:51,751 - CRITICAL - ☠️ WebSocket died for NIFTY. This is NOT a trading loss — attempting reconnection...
2026-04-25 11:32:51,751 - INFO - Cooling down for 30 seconds before reconnection attempt...
2026-04-25 11:33:21,759 - INFO - Deploying fresh Iron Butterfly for NIFTY...
2026-04-25 11:33:21,759 - INFO - Fetching live spot price for NIFTY...
2026-04-25 11:33:21,954 - ERROR - Upstox API Error fetching spot price: 401 Client Error: Unauthorized for url: https://api.upstox.com/v2/market-quote/quotes?instrument_key=NSE_INDEX%7CNifty%2050
2026-04-25 11:33:21,956 - WARNING - ⚠️ API Rejection (1/5): Spot found=False, Chain found=False. Check Upstox Token or Expiry Date (2026-04-28). Retrying in 30s...
2026-04-25 11:33:51,987 - INFO - Deploying fresh Iron Butterfly for NIFTY...
2026-04-25 11:33:51,987 - INFO - Fetching live spot price for NIFTY...
2026-04-25 11:33:52,515 - ERROR - Upstox API Error fetching spot price: 401 Client Error: Unauthorized for url: https://api.upstox.com/v2/market-quote/quotes?instrument_key=NSE_INDEX%7CNifty%2050
2026-04-25 11:33:52,517 - WARNING - ⚠️ API Rejection (2/5): Spot found=False, Chain found=False. Check Upstox Token or Expiry Date (2026-04-28). Retrying in 30s...
2026-04-25 11:34:22,547 - INFO - Deploying fresh Iron Butterfly for NIFTY...
2026-04-25 11:34:22,548 - INFO - Fetching live spot price for NIFTY...
2026-04-25 11:34:22,760 - ERROR - Upstox API Error fetching spot price: 401 Client Error: Unauthorized for url: https://api.upstox.com/v2/market-quote/quotes?instrument_key=NSE_INDEX%7CNifty%2050
2026-04-25 11:34:22,761 - WARNING - ⚠️ API Rejection (3/5): Spot found=False, Chain found=False. Check Upstox Token or Expiry Date (2026-04-28). Retrying in 30s...
2026-04-25 11:34:52,792 - INFO - Deploying fresh Iron Butterfly for NIFTY...
2026-04-25 11:34:52,792 - INFO - Fetching live spot price for NIFTY...
2026-04-25 11:34:53,307 - ERROR - Upstox API Error fetching spot price: 401 Client Error: Unauthorized for url: https://api.upstox.com/v2/market-quote/quotes?instrument_key=NSE_INDEX%7CNifty%2050
2026-04-25 11:34:53,308 - WARNING - ⚠️ API Rejection (4/5): Spot found=False, Chain found=False. Check Upstox Token or Expiry Date (2026-04-28). Retrying in 30s...
2026-04-25 11:35:23,339 - INFO - Deploying fresh Iron Butterfly for NIFTY...
2026-04-25 11:35:23,339 - INFO - Fetching live spot price for NIFTY...
2026-04-25 11:35:23,574 - ERROR - Upstox API Error fetching spot price: 401 Client Error: Unauthorized for url: https://api.upstox.com/v2/market-quote/quotes?instrument_key=NSE_INDEX%7CNifty%2050
2026-04-25 11:35:23,576 - CRITICAL - ❌ API failures exceeded 5 retries for NIFTY. Halting session to prevent infinite loop. Check Upstox token and expiry date (2026-04-28).
2026-04-25 11:35:24,931 - INFO - --- END OF SESSION FOR NIFTY ---
2026-04-25 11:35:24,931 - INFO - Initiating final safety square off for NIFTY...
2026-04-25 11:35:24,931 - CRITICAL - TRIGGERING SQUARE OFF SEQUENCE!
2026-04-25 11:35:24,932 - INFO - 💰 Simulated PnL for this trade: ₹-0.00
2026-04-25 11:35:26,020 - INFO - Waiting for scheduled events...
2026-04-26 08:00:00,700 - INFO - 📅 WEEKEND DETECTED (2026-04-26 - Sunday). No trading jobs scheduled.
2026-04-26 23:33:47,997 - INFO - System Architect Bot V5 Initialized — Master Architecture Active 🏛️
2026-04-26 23:33:47,997 - INFO -   VIX Adaptive Profiles: ON (Low<13, High>18)
2026-04-26 23:33:47,997 - INFO -   Delta-Based Wings: ON
2026-04-26 23:33:47,997 - INFO -   Ratchet Trailing Stop: ON (Floor=80%, Ratchet=75%)
2026-04-26 23:33:47,997 - INFO -   ATM Drift Guard: ON (1.5x wing width)
2026-04-26 23:33:47,997 - INFO -   Circuit Breaker: ON (2 consecutive losses)
2026-04-26 23:33:47,997 - INFO -   Opening Range Gap Filter: ON (0.8% threshold, 15min settle)
2026-04-26 23:33:47,997 - INFO -   Expiry Day Strategy: Expiring index trades MORNING, other AFTERNOON
2026-04-26 23:33:47,997 - INFO -   Weekend Guard: ON
2026-04-26 23:33:47,998 - INFO - 📅 WEEKEND DETECTED (2026-04-26 - Sunday). No trading jobs scheduled.
2026-04-26 23:33:47,998 - INFO - Waiting for scheduled events...
2026-04-27 08:00:00,749 - INFO - 📅 Normal Trading Day (2026-04-27 - MONDAY). Defaulting to NIFTY.
2026-04-27 09:15:00,763 - INFO - --- STARTING CONTINUOUS SESSION FOR NIFTY ---
2026-04-27 09:15:01,087 - INFO - 📈 NIFTY LTP: 23952.0, Prev Close: 23952.0
2026-04-27 09:15:01,088 - INFO - 📊 Gap Analysis: NIFTY opened at 23952.00, Prev Close: 23952.00, Gap: 0.00% DOWN
2026-04-27 09:15:01,089 - INFO - ✅ Gap within tolerance (0.00% < 0.8%). Proceeding normally.
2026-04-27 09:15:01,089 - INFO - Deploying fresh Iron Butterfly for NIFTY...
2026-04-27 09:15:01,089 - INFO - Fetching live spot price for NIFTY...
2026-04-27 09:15:01,478 - INFO - Live Spot Price for NIFTY is: 23952.0
2026-04-27 09:15:01,482 - INFO - Fetching option chain for NIFTY expiring on 2026-04-28...
2026-04-27 09:15:02,966 - INFO - 📊 India VIX: 19.56
2026-04-27 09:15:02,967 - INFO - 📊 VIX Profile Selected: HIGH_VIX (VIX=19.56) → Wing δ=12, Target=25%
2026-04-27 09:15:02,968 - INFO - Calculating Iron Butterfly strikes & prices (Wing δ=12)...
2026-04-27 09:15:02,968 - INFO - Selecting protective wings via delta-based method (target δ=12)...
2026-04-27 09:15:02,968 - INFO -   Wing CE: Strike 24400.0, LTP ₹41.00 (via Premium Proxy, target δ=12)
2026-04-27 09:15:02,968 - INFO -   Wing PE: Strike 23500.0, LTP ₹41.90 (via Premium Proxy, target δ=12)
2026-04-27 09:15:02,968 - INFO - Selected Execution Legs: {'sell_ce': 'NSE_FO|72261', 'sell_pe': 'NSE_FO|72262', 'buy_ce': 'NSE_FO|72317', 'buy_pe': 'NSE_FO|72229'}
2026-04-27 09:15:02,968 - INFO - Target Entry Prices: {'sell_ce': 168.45, 'sell_pe': 186.25, 'buy_ce': 41.0, 'buy_pe': 41.9}
2026-04-27 09:15:02,968 - INFO - Selected Strikes: {'sell_ce': 23950, 'sell_pe': 23950, 'buy_ce': 24400.0, 'buy_pe': 23500.0}
2026-04-27 09:15:02,968 - INFO - Synchronizing with Live Exchange Quotes to bypass cached API data...
2026-04-27 09:15:03,175 - INFO - Absolute Real-Time Entry Prices: {'sell_ce': 168.45, 'sell_pe': 186.25, 'buy_ce': 41.0, 'buy_pe': 41.9}
2026-04-27 09:15:03,176 - INFO - 🟡 SANDBOX MODE DETECTED: Simulating local paper execution...
2026-04-27 09:15:03,176 - INFO - ✅ Simulated Basket Executed Successfully!
2026-04-27 09:15:03,178 - INFO - Entering live risk monitoring phase...
2026-04-27 09:15:03,178 - INFO - Initializing SDK WebSocket connection for live risk management...
2026-04-27 09:15:03,185 - INFO - WebSocket Connected! Streaming live market data...
2026-04-27 09:15:04,325 - INFO - Websocket connected
2026-04-27 11:09:16,114 - CRITICAL - 🎯 TARGET REACHED outside safe zone (Distance: 0.35% > Limit: 0.19%). Squaring off for guaranteed 25.00% profit.
2026-04-27 11:09:16,115 - CRITICAL - Exit Signal Received: TAKE_PROFIT. Terminating WebSocket.
2026-04-27 11:09:16,673 - CRITICAL - 💰 PROFIT LOCKED for NIFTY! Squaring off positions.
2026-04-27 11:09:16,673 - CRITICAL - TRIGGERING SQUARE OFF SEQUENCE!
2026-04-27 11:09:16,673 - INFO - 💰 Simulated PnL for this trade: ₹4446.00
2026-04-27 11:09:18,510 - INFO - Cooling down for 60 seconds before looking for new setups...
2026-04-27 11:10:18,571 - INFO - Deploying fresh Iron Butterfly for NIFTY...
2026-04-27 11:10:18,571 - INFO - Fetching live spot price for NIFTY...
2026-04-27 11:10:18,899 - INFO - Live Spot Price for NIFTY is: 24034.5
2026-04-27 11:10:18,900 - INFO - Fetching option chain for NIFTY expiring on 2026-04-28...
2026-04-27 11:10:19,447 - INFO - 📊 India VIX: 18.61
2026-04-27 11:10:19,448 - INFO - 📊 VIX Profile Selected: HIGH_VIX (VIX=18.61) → Wing δ=12, Target=25%
2026-04-27 11:10:19,449 - INFO - Calculating Iron Butterfly strikes & prices (Wing δ=12)...
2026-04-27 11:10:19,449 - INFO - Selecting protective wings via delta-based method (target δ=12)...
2026-04-27 11:10:19,449 - INFO -   Wing CE: Strike 24300.0, LTP ₹24.80 (via Premium Proxy, target δ=12)
2026-04-27 11:10:19,450 - INFO -   Wing PE: Strike 23800.0, LTP ₹28.55 (via Premium Proxy, target δ=12)
2026-04-27 11:10:19,450 - INFO - Selected Execution Legs: {'sell_ce': 'NSE_FO|72265', 'sell_pe': 'NSE_FO|72266', 'buy_ce': 'NSE_FO|72279', 'buy_pe': 'NSE_FO|72256'}
2026-04-27 11:10:19,450 - INFO - Target Entry Prices: {'sell_ce': 101.75, 'sell_pe': 105.85, 'buy_ce': 24.8, 'buy_pe': 28.55}
2026-04-27 11:10:19,450 - INFO - Selected Strikes: {'sell_ce': 24050, 'sell_pe': 24050, 'buy_ce': 24300.0, 'buy_pe': 23800.0}
2026-04-27 11:10:19,450 - INFO - Synchronizing with Live Exchange Quotes to bypass cached API data...
2026-04-27 11:10:19,653 - INFO - Absolute Real-Time Entry Prices: {'sell_ce': 101.75, 'sell_pe': 105.85, 'buy_ce': 24.8, 'buy_pe': 28.55}
2026-04-27 11:10:19,654 - INFO - 🟡 SANDBOX MODE DETECTED: Simulating local paper execution...
2026-04-27 11:10:19,654 - INFO - ✅ Simulated Basket Executed Successfully!
2026-04-27 11:10:19,657 - INFO - Entering live risk monitoring phase...
2026-04-27 11:10:19,657 - INFO - Initializing SDK WebSocket connection for live risk management...
2026-04-27 11:10:19,658 - INFO - WebSocket Connected! Streaming live market data...
2026-04-27 11:10:20,658 - INFO - Websocket connected
2026-04-27 15:27:51,351 - CRITICAL - 🛑 MANUAL EXIT TRIGGERED FROM UI! Forcing Square Off.
2026-04-27 15:27:51,352 - CRITICAL - Exit Signal Received: MANUAL_EXIT. Terminating WebSocket.
2026-04-27 15:27:51,486 - CRITICAL - 🛑 Manual Exit executed. Squaring off NIFTY...
2026-04-27 15:27:51,486 - CRITICAL - TRIGGERING SQUARE OFF SEQUENCE!
2026-04-27 15:27:51,487 - INFO - 💰 Simulated PnL for this trade: ₹396.50
2026-04-27 15:27:52,532 - CRITICAL - ⏸️ Trading paused for this session due to Manual Exit. Restart the bot engine if you wish to force a re-entry.
2026-04-27 15:27:52,533 - INFO - --- END OF SESSION FOR NIFTY ---
2026-04-27 15:28:14,710 - INFO - System Architect Bot V5 Initialized — Master Architecture Active 🏛️
2026-04-27 15:28:14,710 - INFO -   VIX Adaptive Profiles: ON (Low<13, High>18)
2026-04-27 15:28:14,710 - INFO -   Delta-Based Wings: ON
2026-04-27 15:28:14,710 - INFO -   Ratchet Trailing Stop: ON (Floor=80%, Ratchet=75%)
2026-04-27 15:28:14,710 - INFO -   ATM Drift Guard: ON (1.5x wing width)
2026-04-27 15:28:14,711 - INFO -   Circuit Breaker: ON (2 consecutive losses)
2026-04-27 15:28:14,711 - INFO -   Opening Range Gap Filter: ON (0.8% threshold, 15min settle)
2026-04-27 15:28:14,711 - INFO -   Expiry Day Strategy: Expiring index trades MORNING, other AFTERNOON
2026-04-27 15:28:14,711 - INFO -   Weekend Guard: ON
2026-04-27 15:28:14,711 - INFO - 📅 Normal Trading Day (2026-04-27 - MONDAY). Defaulting to NIFTY.
2026-04-27 15:28:14,713 - INFO - Waiting for scheduled events...
2026-04-28 08:00:00,855 - CRITICAL - 🎯 NIFTY EXPIRY DETECTED (2026-04-28). Expiry Strategy: Nifty MORNING (theta capture), Sensex AFTERNOON.
2026-04-28 09:15:00,857 - INFO - --- STARTING CONTINUOUS SESSION FOR NIFTY ---
2026-04-28 09:15:01,226 - INFO - 📈 NIFTY LTP: 24054.8, Prev Close: 24054.8
2026-04-28 09:15:01,227 - INFO - 📊 Gap Analysis: NIFTY opened at 24054.80, Prev Close: 24054.80, Gap: 0.00% DOWN
2026-04-28 09:15:01,227 - INFO - ✅ Gap within tolerance (0.00% < 0.8%). Proceeding normally.
2026-04-28 09:15:01,227 - INFO - ⏳ Waiting for 09:20 AM safe entry window before deploying fresh trade...
2026-04-28 09:20:01,536 - INFO - Deploying fresh Iron Butterfly for NIFTY...
2026-04-28 09:20:01,537 - INFO - Fetching live spot price for NIFTY...
2026-04-28 09:20:02,048 - INFO - Live Spot Price for NIFTY is: 24092.6
2026-04-28 09:20:02,049 - INFO - Fetching option chain for NIFTY expiring on 2026-04-28...
2026-04-28 09:20:02,692 - INFO - 📊 India VIX: 18.14
2026-04-28 09:20:02,693 - INFO - 📊 VIX Profile Selected: HIGH_VIX (VIX=18.14) → Wing δ=12, Target=25%
2026-04-28 09:20:02,693 - INFO - Calculating Iron Butterfly strikes & prices (Wing δ=12)...
2026-04-28 09:20:02,693 - INFO - Selecting protective wings via delta-based method (target δ=12)...
2026-04-28 09:20:02,694 - INFO -   Wing CE: Strike 24250.0, LTP ₹11.85 (via Premium Proxy, target δ=12)
2026-04-28 09:20:02,694 - INFO -   Wing PE: Strike 23950.0, LTP ₹15.30 (via Premium Proxy, target δ=12)
2026-04-28 09:20:02,694 - INFO - Selected Execution Legs: {'sell_ce': 'NSE_FO|72267', 'sell_pe': 'NSE_FO|72268', 'buy_ce': 'NSE_FO|72277', 'buy_pe': 'NSE_FO|72262'}
2026-04-28 09:20:02,694 - INFO - Target Entry Prices: {'sell_ce': 50.65, 'sell_pe': 67.1, 'buy_ce': 11.85, 'buy_pe': 15.3}
2026-04-28 09:20:02,694 - INFO - Selected Strikes: {'sell_ce': 24100, 'sell_pe': 24100, 'buy_ce': 24250.0, 'buy_pe': 23950.0}
2026-04-28 09:20:02,694 - INFO - Synchronizing with Live Exchange Quotes to bypass cached API data...
2026-04-28 09:20:02,902 - INFO - Absolute Real-Time Entry Prices: {'sell_ce': 50.65, 'sell_pe': 67.1, 'buy_ce': 11.85, 'buy_pe': 15.3}
2026-04-28 09:20:02,903 - INFO - 🟡 SANDBOX MODE DETECTED: Simulating local paper execution...
2026-04-28 09:20:02,903 - INFO - ✅ Simulated Basket Executed Successfully!
2026-04-28 09:20:02,905 - INFO - Entering live risk monitoring phase...
2026-04-28 09:20:02,905 - INFO - Initializing SDK WebSocket connection for live risk management...
2026-04-28 09:20:02,908 - INFO - WebSocket Connected! Streaming live market data...
2026-04-28 09:20:03,920 - INFO - Websocket connected
2026-04-28 13:35:30,251 - WARNING - ⚠️ FREAK TICK WARNING: Stop Loss breached. Confirmation count: 1/3
2026-04-28 13:35:30,556 - WARNING - ⚠️ FREAK TICK WARNING: Stop Loss breached. Confirmation count: 2/3
2026-04-28 13:35:30,728 - WARNING - ⚠️ FREAK TICK WARNING: Stop Loss breached. Confirmation count: 3/3
2026-04-28 13:35:30,728 - CRITICAL - 🚨 CONFIRMED STOP LOSS: Price sustained above limit for 3 ticks. Exiting.
2026-04-28 13:35:30,728 - CRITICAL - Exit Signal Received: STOP_LOSS. Terminating WebSocket.
2026-04-28 13:35:31,622 - WARNING - 🚨 Stop Loss hit for NIFTY! Squaring off...
2026-04-28 13:35:31,622 - CRITICAL - TRIGGERING SQUARE OFF SEQUENCE!
2026-04-28 13:35:31,622 - INFO - 💰 Simulated PnL for this trade: ₹-1498.25
2026-04-28 13:35:33,204 - INFO - 🔌 Circuit Breaker: 1/2 consecutive losses.
2026-04-28 13:35:33,204 - INFO - Cooling down for 60 seconds...
2026-04-28 13:36:33,265 - INFO - ⏰ Soft Cutoff (12:30) reached. No NEW NIFTY trades will be taken.
2026-04-28 13:36:33,265 - INFO - --- END OF SESSION FOR NIFTY ---
2026-04-28 13:36:34,267 - INFO - --- STARTING CONTINUOUS SESSION FOR SENSEX ---
2026-04-28 13:36:34,630 - ERROR - Failed to fetch OHLC data for SENSEX: 401 Client Error: Unauthorized for url: https://api.upstox.com/v2/market-quote/quotes?instrument_key=BSE_INDEX%7CSENSEX
2026-04-28 13:36:34,632 - WARNING - ⚠️ Could not fetch OHLC data for gap analysis. Skipping gap filter.
2026-04-28 13:36:34,632 - INFO - Deploying fresh Iron Butterfly for SENSEX...
2026-04-28 13:36:34,633 - INFO - Fetching live spot price for SENSEX...
2026-04-28 13:36:34,861 - ERROR - Upstox API Error fetching spot price: 401 Client Error: Unauthorized for url: https://api.upstox.com/v2/market-quote/quotes?instrument_key=BSE_INDEX%7CSENSEX
2026-04-28 13:36:34,863 - WARNING - ⚠️ API Rejection (1/5): Spot found=False, Chain found=False. Check Upstox Token or Expiry Date (2026-04-30). Retrying in 30s...
2026-04-28 13:37:04,893 - INFO - Deploying fresh Iron Butterfly for SENSEX...
2026-04-28 13:37:04,893 - INFO - Fetching live spot price for SENSEX...
2026-04-28 13:37:05,139 - ERROR - Upstox API Error fetching spot price: 401 Client Error: Unauthorized for url: https://api.upstox.com/v2/market-quote/quotes?instrument_key=BSE_INDEX%7CSENSEX
2026-04-28 13:37:05,140 - WARNING - ⚠️ API Rejection (2/5): Spot found=False, Chain found=False. Check Upstox Token or Expiry Date (2026-04-30). Retrying in 30s...
2026-04-28 13:37:35,171 - INFO - Deploying fresh Iron Butterfly for SENSEX...
2026-04-28 13:37:35,171 - INFO - Fetching live spot price for SENSEX...
2026-04-28 13:37:35,366 - ERROR - Upstox API Error fetching spot price: 401 Client Error: Unauthorized for url: https://api.upstox.com/v2/market-quote/quotes?instrument_key=BSE_INDEX%7CSENSEX
2026-04-28 13:37:35,367 - WARNING - ⚠️ API Rejection (3/5): Spot found=False, Chain found=False. Check Upstox Token or Expiry Date (2026-04-30). Retrying in 30s...
2026-04-28 13:38:05,398 - INFO - Deploying fresh Iron Butterfly for SENSEX...
2026-04-28 13:38:05,398 - INFO - Fetching live spot price for SENSEX...
2026-04-28 13:38:05,984 - ERROR - Upstox API Error fetching spot price: 401 Client Error: Unauthorized for url: https://api.upstox.com/v2/market-quote/quotes?instrument_key=BSE_INDEX%7CSENSEX
2026-04-28 13:38:05,985 - WARNING - ⚠️ API Rejection (4/5): Spot found=False, Chain found=False. Check Upstox Token or Expiry Date (2026-04-30). Retrying in 30s...
2026-04-28 13:38:36,016 - INFO - Deploying fresh Iron Butterfly for SENSEX...
2026-04-28 13:38:36,016 - INFO - Fetching live spot price for SENSEX...
2026-04-28 13:38:36,232 - ERROR - Upstox API Error fetching spot price: 401 Client Error: Unauthorized for url: https://api.upstox.com/v2/market-quote/quotes?instrument_key=BSE_INDEX%7CSENSEX
2026-04-28 13:38:36,233 - CRITICAL - ❌ API failures exceeded 5 retries for SENSEX. Halting session to prevent infinite loop. Check Upstox token and expiry date (2026-04-30).
2026-04-28 13:38:37,284 - INFO - --- END OF SESSION FOR SENSEX ---
2026-04-28 13:42:26,674 - INFO - System Architect Bot V5 Initialized — Master Architecture Active 🏛️
2026-04-28 13:42:26,674 - INFO -   VIX Adaptive Profiles: ON (Low<13, High>18)
2026-04-28 13:42:26,674 - INFO -   Delta-Based Wings: ON
2026-04-28 13:42:26,674 - INFO -   Ratchet Trailing Stop: ON (Floor=80%, Ratchet=75%)
2026-04-28 13:42:26,674 - INFO -   ATM Drift Guard: ON (1.5x wing width)
2026-04-28 13:42:26,674 - INFO -   Circuit Breaker: ON (2 consecutive losses)
2026-04-28 13:42:26,675 - INFO -   Opening Range Gap Filter: ON (0.8% threshold, 15min settle)
2026-04-28 13:42:26,675 - INFO -   Expiry Day Strategy: Expiring index trades MORNING, other AFTERNOON
2026-04-28 13:42:26,675 - INFO -   Weekend Guard: ON
2026-04-28 13:42:26,675 - CRITICAL - 🎯 NIFTY EXPIRY DETECTED (2026-04-28). Expiry Strategy: Nifty MORNING (theta capture), Sensex AFTERNOON.
2026-04-28 13:42:26,677 - CRITICAL - 🏃 LATE BOOT DETECTED! Jumping straight into Afternoon Session (SENSEX)...
2026-04-28 13:42:26,677 - INFO - --- STARTING CONTINUOUS SESSION FOR SENSEX ---
2026-04-28 13:42:26,874 - INFO - 📈 SENSEX LTP: 76945.4, Prev Close: 76945.4
2026-04-28 13:42:26,876 - INFO - 📊 Gap Analysis: SENSEX opened at 76945.40, Prev Close: 76945.40, Gap: 0.00% DOWN
2026-04-28 13:42:26,876 - INFO - ✅ Gap within tolerance (0.00% < 0.8%). Proceeding normally.
2026-04-28 13:42:26,876 - INFO - Deploying fresh Iron Butterfly for SENSEX...
2026-04-28 13:42:26,876 - INFO - Fetching live spot price for SENSEX...
2026-04-28 13:42:27,377 - INFO - Live Spot Price for SENSEX is: 76945.4
2026-04-28 13:42:27,379 - INFO - Fetching option chain for SENSEX expiring on 2026-04-30...
2026-04-28 13:42:28,011 - INFO - 📊 India VIX: 17.96
2026-04-28 13:42:28,012 - INFO - 📊 VIX Profile Selected: MID_VIX (VIX=17.96) → Wing δ=10, Target=20%
2026-04-28 13:42:28,012 - INFO - Calculating Iron Butterfly strikes & prices (Wing δ=10)...
2026-04-28 13:42:28,012 - INFO - Selecting protective wings via delta-based method (target δ=10)...
2026-04-28 13:42:28,013 - INFO -   Wing CE: Strike 78000.0, LTP ₹93.15 (via Premium Proxy, target δ=10)
2026-04-28 13:42:28,013 - INFO -   Wing PE: Strike 75800.0, LTP ₹76.60 (via Premium Proxy, target δ=10)
2026-04-28 13:42:28,013 - INFO - Selected Execution Legs: {'sell_ce': 'BSE_FO|856577', 'sell_pe': 'BSE_FO|850142', 'buy_ce': 'BSE_FO|849841', 'buy_pe': 'BSE_FO|855458'}
2026-04-28 13:42:28,014 - INFO - Target Entry Prices: {'sell_ce': 452.7, 'sell_pe': 382.35, 'buy_ce': 93.15, 'buy_pe': 76.6}
2026-04-28 13:42:28,014 - INFO - Selected Strikes: {'sell_ce': 76900, 'sell_pe': 76900, 'buy_ce': 78000.0, 'buy_pe': 75800.0}
2026-04-28 13:42:28,014 - INFO - Synchronizing with Live Exchange Quotes to bypass cached API data...
2026-04-28 13:42:28,239 - INFO - Absolute Real-Time Entry Prices: {'sell_ce': 452.7, 'sell_pe': 382.35, 'buy_ce': 93.15, 'buy_pe': 76.6}
2026-04-28 13:42:28,240 - INFO - 🟡 SANDBOX MODE DETECTED: Simulating local paper execution...
2026-04-28 13:42:28,240 - INFO - ✅ Simulated Basket Executed Successfully!
2026-04-28 13:42:28,243 - INFO - Entering live risk monitoring phase...
2026-04-28 13:42:28,243 - INFO - Initializing SDK WebSocket connection for live risk management...
2026-04-28 13:42:28,247 - INFO - WebSocket Connected! Streaming live market data...
2026-04-28 13:42:29,399 - INFO - Websocket connected
2026-04-28 14:19:14,903 - INFO - System Architect Bot V5 Initialized — Master Architecture Active 🏛️
2026-04-28 14:19:14,904 - INFO -   VIX Adaptive Profiles: ON (Low<13, High>18)
2026-04-28 14:19:14,904 - INFO -   Delta-Based Wings: ON
2026-04-28 14:19:14,904 - INFO -   Ratchet Trailing Stop: ON (Floor=80%, Ratchet=75%)
2026-04-28 14:19:14,904 - INFO -   ATM Drift Guard: ON (1.5x wing width)
2026-04-28 14:19:14,904 - INFO -   Circuit Breaker: ON (2 consecutive losses)
2026-04-28 14:19:14,904 - INFO -   Opening Range Gap Filter: ON (0.8% threshold, 15min settle)
2026-04-28 14:19:14,905 - INFO -   Expiry Day Strategy: Expiring index trades MORNING, other AFTERNOON
2026-04-28 14:19:14,905 - INFO -   Weekend Guard: ON
2026-04-28 14:19:14,905 - CRITICAL - 🎯 NIFTY EXPIRY DETECTED (2026-04-28). Expiry Strategy: Nifty MORNING (theta capture), Sensex AFTERNOON.
2026-04-28 14:19:14,906 - CRITICAL - 🔄 ORPHANED TRADE DETECTED ON BOOT! Instantly recovering SENSEX session...
2026-04-28 14:19:14,906 - INFO - --- STARTING CONTINUOUS SESSION FOR SENSEX ---
2026-04-28 14:19:14,906 - CRITICAL - 🌙 BTST CARRY FORWARD DETECTED: Waking up existing SENSEX trade.
2026-04-28 14:19:14,906 - INFO - Initializing SDK WebSocket connection for live risk management...
2026-04-28 14:19:14,914 - INFO - WebSocket Connected! Streaming live market data...
2026-04-28 14:19:16,082 - INFO - Websocket connected
2026-04-28 14:21:15,072 - ERROR - Error parsing live tick data: [Errno 2] No such file or directory: '/home/ec2-user/trading-bot-trailing/tmptit3cpbz'
2026-04-28 14:21:15,224 - ERROR - Error parsing live tick data: [Errno 2] No such file or directory: '/home/ec2-user/trading-bot-trailing/tmpkbusarg1'
2026-04-28 14:21:15,682 - ERROR - Error parsing live tick data: [Errno 2] No such file or directory: '/home/ec2-user/trading-bot-trailing/tmpb3ilx1gv'
2026-04-28 14:21:15,824 - ERROR - Error parsing live tick data: [Errno 2] No such file or directory: '/home/ec2-user/trading-bot-trailing/tmpr4ik0f7u'
2026-04-28 14:21:16,122 - ERROR - Error parsing live tick data: [Errno 2] No such file or directory: '/home/ec2-user/trading-bot-trailing/tmpk7klpy1b'
2026-04-28 14:21:16,271 - ERROR - Error parsing live tick data: [Errno 2] No such file or directory: '/home/ec2-user/trading-bot-trailing/tmp6jmkcxq1'
2026-04-28 14:21:16,731 - ERROR - Error parsing live tick data: [Errno 2] No such file or directory: '/home/ec2-user/trading-bot-trailing/tmp5f5xqy6j'
2026-04-28 14:21:17,173 - ERROR - Error parsing live tick data: [Errno 2] No such file or directory: '/home/ec2-user/trading-bot-trailing/tmpujicy9tq'
2026-04-28 14:21:17,329 - ERROR - Error parsing live tick data: [Errno 2] No such file or directory: '/home/ec2-user/trading-bot-trailing/tmpsd142wb2'
2026-04-28 14:21:17,622 - ERROR - Error parsing live tick data: [Errno 2] No such file or directory: '/home/ec2-user/trading-bot-trailing/tmpsbhm67xk'
2026-04-28 14:21:17,772 - ERROR - Error parsing live tick data: [Errno 2] No such file or directory: '/home/ec2-user/trading-bot-trailing/tmpryph3jo1'
2026-04-28 14:21:18,226 - ERROR - Error parsing live tick data: [Errno 2] No such file or directory: '/home/ec2-user/trading-bot-trailing/tmpeoed2iot'
2026-04-28 14:21:18,379 - ERROR - Error parsing live tick data: [Errno 2] No such file or directory: '/home/ec2-user/trading-bot-trailing/tmpudf4cjm7'
2026-04-28 14:21:18,669 - ERROR - Error parsing live tick data: [Errno 2] No such file or directory: '/home/ec2-user/trading-bot-trailing/tmplvnpoj80'
2026-04-28 14:21:18,824 - ERROR - Error parsing live tick data: [Errno 2] No such file or directory: '/home/ec2-user/trading-bot-trailing/tmpjro37t8t'
2026-04-28 14:21:19,120 - ERROR - Error parsing live tick data: [Errno 2] No such file or directory: '/home/ec2-user/trading-bot-trailing/tmpyq2e4l43'
2026-04-28 14:21:19,272 - ERROR - Error parsing live tick data: [Errno 2] No such file or directory: '/home/ec2-user/trading-bot-trailing/tmpps4dcc27'
2026-04-28 14:21:19,431 - ERROR - Error parsing live tick data: [Errno 2] No such file or directory: '/home/ec2-user/trading-bot-trailing/tmp1klyzboi'
2026-04-28 14:21:19,570 - ERROR - Error parsing live tick data: [Errno 2] No such file or directory: '/home/ec2-user/trading-bot-trailing/tmpb34hwhbu'
2026-04-28 14:21:19,721 - ERROR - Error parsing live tick data: [Errno 2] No such file or directory: '/home/ec2-user/trading-bot-trailing/tmpecyzhh2a'
2026-04-28 14:21:20,170 - ERROR - Error parsing live tick data: [Errno 2] No such file or directory: '/home/ec2-user/trading-bot-trailing/tmpud3d3ed9'
2026-04-28 14:21:20,327 - ERROR - Error parsing live tick data: [Errno 2] No such file or directory: '/home/ec2-user/trading-bot-trailing/tmp8dktmols'
2026-04-28 14:21:20,472 - ERROR - Error parsing live tick data: [Errno 2] No such file or directory: '/home/ec2-user/trading-bot-trailing/tmp_c56pg73'
2026-04-28 14:21:20,623 - ERROR - Error parsing live tick data: [Errno 2] No such file or directory: '/home/ec2-user/trading-bot-trailing/tmpxd04jt9l'
2026-04-28 14:21:20,771 - ERROR - Error parsing live tick data: [Errno 2] No such file or directory: '/home/ec2-user/trading-bot-trailing/tmpsca7wq4l'
2026-04-28 14:21:21,226 - ERROR - Error parsing live tick data: [Errno 2] No such file or directory: '/home/ec2-user/trading-bot-trailing/tmpqo3wv1_u'
2026-04-28 14:21:21,382 - ERROR - Error parsing live tick data: [Errno 2] No such file or directory: '/home/ec2-user/trading-bot-trailing/tmpnkz593kr'
2026-04-28 14:21:21,525 - ERROR - Error parsing live tick data: [Errno 2] No such file or directory: '/home/ec2-user/trading-bot-trailing/tmpdqz0nw17'
2026-04-28 14:21:21,673 - ERROR - Error parsing live tick data: [Errno 2] No such file or directory: '/home/ec2-user/trading-bot-trailing/tmpvdymhpvz'
2026-04-28 14:21:21,823 - ERROR - Error parsing live tick data: [Errno 2] No such file or directory: '/home/ec2-user/trading-bot-trailing/tmpbchij5tv'
2026-04-28 14:21:22,119 - ERROR - Error parsing live tick data: [Errno 2] No such file or directory: '/home/ec2-user/trading-bot-trailing/tmp2ffxn1yc'
2026-04-28 14:21:22,429 - ERROR - Error parsing live tick data: [Errno 2] No such file or directory: '/home/ec2-user/trading-bot-trailing/tmp6n6wwjqk'
2026-04-28 14:21:22,570 - ERROR - Error parsing live tick data: [Errno 2] No such file or directory: '/home/ec2-user/trading-bot-trailing/tmp3bag60jp'
2026-04-28 14:21:22,725 - ERROR - Error parsing live tick data: [Errno 2] No such file or directory: '/home/ec2-user/trading-bot-trailing/tmppov9n0x5'
2026-04-28 14:21:22,880 - ERROR - Error parsing live tick data: [Errno 2] No such file or directory: '/home/ec2-user/trading-bot-trailing/tmp0py40lpq'
2026-04-28 14:21:23,170 - ERROR - Error parsing live tick data: [Errno 2] No such file or directory: '/home/ec2-user/trading-bot-trailing/tmpabq6e8gv'
2026-04-28 14:21:23,473 - ERROR - Error parsing live tick data: [Errno 2] No such file or directory: '/home/ec2-user/trading-bot-trailing/tmp6zukhomt'
2026-04-28 14:21:23,623 - ERROR - Error parsing live tick data: [Errno 2] No such file or directory: '/home/ec2-user/trading-bot-trailing/tmp5sjdr1zl'
2026-04-28 14:21:23,774 - ERROR - Error parsing live tick data: [Errno 2] No such file or directory: '/home/ec2-user/trading-bot-trailing/tmp26xdktfw'
2026-04-28 14:21:24,069 - ERROR - Error parsing live tick data: [Errno 2] No such file or directory: '/home/ec2-user/trading-bot-trailing/tmpeyzjkt3o'
2026-04-28 14:21:24,519 - ERROR - Error parsing live tick data: [Errno 2] No such file or directory: '/home/ec2-user/trading-bot-trailing/tmpkg1_iq9e'
2026-04-28 14:21:24,673 - ERROR - Error parsing live tick data: [Errno 2] No such file or directory: '/home/ec2-user/trading-bot-trailing/tmpl070zgzo'
2026-04-28 14:21:24,824 - ERROR - Error parsing live tick data: [Errno 2] No such file or directory: '/home/ec2-user/trading-bot-trailing/tmpr80cmtlm'
2026-04-28 14:21:24,981 - ERROR - Error parsing live tick data: [Errno 2] No such file or directory: '/home/ec2-user/trading-bot-trailing/tmpu5guukh9'
2026-04-28 14:21:25,119 - ERROR - Error parsing live tick data: [Errno 2] No such file or directory: '/home/ec2-user/trading-bot-trailing/tmpqmf6frk8'
2026-04-28 14:21:25,577 - ERROR - Error parsing live tick data: [Errno 2] No such file or directory: '/home/ec2-user/trading-bot-trailing/tmp9bsgjdb3'
2026-04-28 14:21:25,721 - ERROR - Error parsing live tick data: [Errno 2] No such file or directory: '/home/ec2-user/trading-bot-trailing/tmpqtz0p_0b'
2026-04-28 14:21:26,024 - ERROR - Error parsing live tick data: [Errno 2] No such file or directory: '/home/ec2-user/trading-bot-trailing/tmpx4t78so5'
2026-04-28 14:21:26,167 - ERROR - Error parsing live tick data: [Errno 2] No such file or directory: '/home/ec2-user/trading-bot-trailing/tmpj61cnkjh'
2026-04-28 14:23:11,114 - INFO - System Architect Bot V5 Initialized — Master Architecture Active 🏛️
2026-04-28 14:23:11,114 - INFO -   VIX Adaptive Profiles: ON (Low<13, High>18)
2026-04-28 14:23:11,115 - INFO -   Delta-Based Wings: ON
2026-04-28 14:23:11,115 - INFO -   Ratchet Trailing Stop: ON (Floor=80%, Ratchet=75%)
2026-04-28 14:23:11,115 - INFO -   ATM Drift Guard: ON (1.5x wing width)
2026-04-28 14:23:11,115 - INFO -   Circuit Breaker: ON (2 consecutive losses)
2026-04-28 14:23:11,115 - INFO -   Opening Range Gap Filter: ON (0.8% threshold, 15min settle)
2026-04-28 14:23:11,115 - INFO -   Expiry Day Strategy: Expiring index trades MORNING, other AFTERNOON
2026-04-28 14:23:11,115 - INFO -   Weekend Guard: ON
2026-04-28 14:23:11,116 - CRITICAL - 🎯 NIFTY EXPIRY DETECTED (2026-04-28). Expiry Strategy: Nifty MORNING (theta capture), Sensex AFTERNOON.
2026-04-28 14:23:11,116 - CRITICAL - 🔄 ORPHANED TRADE DETECTED ON BOOT! Instantly recovering SENSEX session...
2026-04-28 14:23:11,116 - INFO - --- STARTING CONTINUOUS SESSION FOR SENSEX ---
2026-04-28 14:23:11,117 - CRITICAL - 🌙 BTST CARRY FORWARD DETECTED: Waking up existing SENSEX trade.
2026-04-28 14:23:11,117 - INFO - Initializing SDK WebSocket connection for live risk management...
2026-04-28 14:23:11,120 - INFO - WebSocket Connected! Streaming live market data...
2026-04-28 14:23:12,170 - INFO - Websocket connected
2026-04-28 15:30:00,495 - INFO - 🏁 Market Closed. Terminating WebSocket gracefully to preserve BTST state.
2026-04-28 15:30:00,649 - INFO - 🔄 Exit Signal (MARKET_CLOSED) received on Carry Forward. Squaring off...
2026-04-28 15:30:00,650 - CRITICAL - TRIGGERING SQUARE OFF SEQUENCE!
2026-04-28 15:30:00,650 - INFO - 💰 Simulated PnL for this trade: ₹-0.00
2026-04-28 15:30:11,734 - INFO - 🧹 Auto-cleared BTST flag from UI so the fresh trade doesn't carry forward blindly.
2026-04-28 15:30:12,073 - INFO - 📈 SENSEX LTP: 76967.21, Prev Close: 76967.21
2026-04-28 15:30:12,075 - INFO - 📊 Gap Analysis: SENSEX opened at 76967.21, Prev Close: 76967.21, Gap: 0.00% DOWN
2026-04-28 15:30:12,075 - INFO - ✅ Gap within tolerance (0.00% < 0.8%). Proceeding normally.
2026-04-28 15:30:12,075 - INFO - ⏰ Soft Cutoff (15:15) reached. No NEW SENSEX trades will be taken.
2026-04-28 15:30:12,075 - INFO - --- END OF SESSION FOR SENSEX ---
2026-04-28 15:30:12,076 - INFO - Waiting for scheduled events...
